step_id,centroid_x,centroid_y,centroid_z,step_length,open_space_width_left,open_space_width_right,surface_normal_x,surface_normal_y,surface_normal_z,slope_angle,cross_slope_angle,surface_class,heading_x,heading_y,heading_z,distance_to_goal,navigation_state,distance_to_nearest_obstacle,path_width,centerline_offset,obstacle_dir_0,obstacle_dir_1,obstacle_dir_2,obstacle_dir_3,obstacle_dir_4,obstacle_dir_5,obstacle_dir_6,obstacle_dir_7,obstacle_dir_8,obstacle_dir_9,obstacle_dir_10,obstacle_dir_11,obstacle_dir_12,obstacle_dir_13,obstacle_dir_14,obstacle_dir_15,obstacle_dir_16,obstacle_dir_17,obstacle_dir_18,obstacle_dir_19,obstacle_dir_20,obstacle_dir_21,obstacle_dir_22,obstacle_dir_23,obstacle_dir_24,obstacle_dir_25,obstacle_dir_26,obstacle_dir_27,obstacle_dir_28,obstacle_dir_29,obstacle_dir_30,obstacle_dir_31,obstacle_dir_32,obstacle_dir_33,obstacle_dir_34,obstacle_dir_35
0,193328.85662800004,5102483.658905,143.8518321515098,0.0,0.5116378128358418,0.5712534281957703,-0.018796155391471964,-0.08325091982073446,0.9963513380788432,4.895945562131676,4.00642731985286,1111,-0.6720641365252208,0.7404929414900653,0.0,26.3654859755983,FIND_PATH,0.5226562499999998,1.082891241031612,-0.02980780767996427,1.836718750000001,1.5750000000000006,1.4671875000000005,0.6140625000000001,0.5804687499999999,0.57890625,0.6031249999999999,0.6468750000000001,0.7148437500000002,0.8273437500000003,0.9843750000000002,1.3351562500000005,2.012500000000001,3.0273437499999973,4.138281249999993,2.309375,1.3460937500000005,0.9632812500000003,0.7687500000000002,0.6507812500000001,0.58203125,0.5414062499999999,0.5226562499999998,0.5249999999999999,0.5640625,0.5921875,0.6648437500000002,0.784375,0.9367187500000003,1.3187500000000005,2.062500000000001,4.99921874999999,5.0,5.0,5.0,2.25625
1,193328.70202574134,5102483.916000204,143.87297001401018,0.30074343119913616,0.6180403668319977,0.46711475832601523,-0.009500272565806336,-0.08182219526720469,0.9966016622416555,4.724914643815728,2.8836477185850624,1111,-0.515340862171205,0.8569840134566757,0.0,26.07109104812079,FOLLOW_CENTERLINE,0.48203124999999997,1.085155125158013,0.07546280425299123,0.7164062500000001,0.5921875,0.5351562499999998,0.49687499999999996,0.48203124999999997,0.48359374999999993,0.4929687499999999,0.5296874999999999,0.60625,0.6929687500000001,0.8281250000000002,1.1835937500000004,1.7984375000000008,3.894531249999994,5.0,2.736718749999998,1.6453125000000006,1.1765625000000002,0.9234375000000002,0.7976562500000002,0.8117187500000003,0.7429687500000002,0.70625,0.70703125,0.6515625,0.6976562500000001,0.7593750000000001,0.8710937500000002,1.0960937500000003,1.5070312500000005,2.2007812500000004,3.586718749999995,5.0,5.0,5.0,2.5367187499999986
2,193328.4899137886,5102484.128151806,143.89069963118146,0.3005230806694002,0.7048225917228603,0.4569932018016212,-0.005568395874313528,-0.07531032277465155,0.9971445974636601,4.330865488972961,3.278259714183936,1111,-0.7070398425620044,0.7071720057904359,0.0,25.771274203838715,FOLLOW_CENTERLINE,0.45859374999999997,1.1618157935244815,0.12391469496061958,0.6742187500000001,0.5734374999999999,0.5132812499999999,0.48203124999999997,0.46249999999999997,0.45859374999999997,0.47343749999999996,0.5015624999999999,0.5546874999999999,0.64453125,0.8164062500000002,1.1210937500000004,1.780468750000001,4.319531249999993,5.0,3.1882812499999966,1.896093750000001,1.3757812500000004,1.1070312500000001,0.9273437500000004,0.8484375000000002,0.7757812500000001,0.7507812500000002,0.7421875000000001,0.7296875,0.78828125,0.7953125000000002,0.8726562500000001,1.0492187500000003,1.4070312500000004,1.834375000000001,2.850781249999998,5.0,5.0,5.0,0.8734375000000002
3,193328.23952774788,5102484.293398988,143.904321475005,0.3003087665937811,0.6904846589148628,0.4912628556869677,-0.0025351505675208948,-0.065579621420908,0.9978441192219806,3.7629465991834086,3.217731575881265,1111,-0.8346201356377038,0.5508239410925468,0.0,25.480516321445258,FOLLOW_CENTERLINE,0.5054687499999999,1.1817475146018306,0.09961090161394753,0.7367187500000001,0.62890625,0.5609375,0.5257812499999999,0.5054687499999999,0.5078125,0.5171874999999999,0.5499999999999999,0.609375,0.7007812500000001,0.8750000000000002,1.2421875000000004,1.974218750000001,4.842187499999991,5.0,3.021874999999997,1.789843750000001,1.3000000000000005,1.0414062500000003,0.8906250000000002,0.8000000000000002,0.73828125,0.7171875000000001,0.70390625,0.7195312500000002,0.753125,0.8015625000000002,0.9132812500000003,1.0179687500000003,1.2515625000000004,1.4218750000000007,2.2085937500000004,5.0,5.0,5.0,0.9359375000000002
4,193327.96443525623,5102484.413081602,143.91577127941622,0.3002180957540984,0.5908737573009365,0.5795543366629874,0.0031500661716643698,-0.0566823890982676,0.998387291510277,3.2544226172646398,2.9072686061451463,1111,-0.9169749721109284,0.39894204734968913,0.0,25.20738476443134,FOLLOW_CENTERLINE,0.59765625,1.170428093963924,0.0056597103189745535,0.8835937500000002,0.7500000000000001,0.6687500000000001,0.6265625,0.60078125,0.59765625,0.6171875,0.653125,0.7210937500000001,0.8375000000000001,1.0257812500000003,1.3960937500000006,2.2296875000000003,5.0,5.0,2.6265624999999986,1.5382812500000007,1.1125000000000003,0.8859375000000002,0.7625000000000002,0.6859375,0.6390625,0.61640625,0.609375,0.62421875,0.66796875,0.7085937500000001,0.8046875000000001,0.9593750000000003,1.1343750000000004,1.3640625000000006,1.6539062500000008,5.0,5.0,5.0,1.1164062500000003
5,193327.72796924412,5102484.597699019,143.9274299631062,0.3002260655295264,0.5697441721099665,0.6089848303215138,-0.005098273121126045,-0.01925119394327345,0.9998016799060405,1.141111724757234,1.0492366263610886,1111,-0.7882200404206519,0.6153913895169403,0.0,24.91205345428718,FOLLOW_CENTERLINE,0.58203125,1.1787290024314805,-0.01962032910577366,0.9132812500000003,0.7765625000000002,0.6937500000000001,0.65234375,0.6273437500000001,0.6234375,0.6390625,0.68359375,0.7484375000000001,0.8632812500000002,1.0601562500000001,1.4375000000000007,2.2937499999999997,5.0,5.0,2.5023437499999988,1.4593750000000005,1.0554687500000004,0.8453125000000002,0.721875,0.65,0.60546875,0.5859374999999999,0.58203125,0.5984375,0.6328125,0.69140625,0.7976562500000002,0.9351562500000001,1.1796875000000004,1.3890625000000005,1.5937500000000009,2.6429687499999988,5.0,1.6539062500000008,1.1578125000000004
6,193327.5368595668,5102484.8289497215,143.93246343473788,0.30004188367742884,0.5946468975135496,0.5697441721100633,-0.007127575253383291,-0.01733105155154243,0.9998244007440132,1.0737553020532093,0.9474075827161221,1111,-0.6370322577176565,0.7708356739950103,0.0,24.61224683512647,FOLLOW_CENTERLINE,0.5851562499999998,1.1643910696236128,0.01245136270174313,0.8445312500000002,0.7296875,0.6539062499999999,0.6078125,0.5851562499999998,0.5859374999999999,0.60078125,0.64140625,0.703125,0.8187500000000002,0.9945312500000003,1.3492187500000006,2.1500000000000004,5.0,5.0,2.639843749999998,1.5492187500000008,1.1210937500000004,0.8992187500000002,0.7703125000000002,0.6898437500000001,0.6421875,0.6195312500000001,0.61796875,0.6351562499999999,0.6734375,0.7390625000000001,0.8460937500000003,1.0234375000000004,1.2953125000000005,1.6015625000000009,1.822656250000001,2.854687499999998,5.0,1.5242187500000008,1.0656250000000003
7,193327.30099361422,5102485.014333242,143.9372580261348,0.3000379729629046,0.5772904525353657,0.5984200377262027,-0.012708794637426255,-0.020425625229478352,0.9997105983097552,1.3784741813385044,1.3702084124388252,1111,-0.7862198420119937,0.6179450670100028,0.0,24.316882519602437,FOLLOW_CENTERLINE,0.5890624999999999,1.1757104902615683,-0.010564792595418482,0.8843750000000001,0.7554687500000001,0.6828125,0.6375,0.61328125,0.6140625000000001,0.6343749999999999,0.6742187500000001,0.7390625000000001,0.8539062500000001,1.0429687500000002,1.4101562500000004,2.2320312500000004,5.0,5.0,2.511718749999999,1.4867187500000008,1.0671875000000002,0.8593750000000002,0.73359375,0.6578125,0.6148437500000001,0.59296875,0.5890624999999999,0.60234375,0.6351562499999999,0.6960937500000002,0.8109375000000002,0.9859375000000002,1.3023437500000006,1.779687500000001,1.957812500000001,2.7507812499999984,5.0,1.5578125000000007,1.1000000000000003
8,193327.11054855667,5102485.246131594,143.94243421954437,0.3000443121053937,0.6089848303216178,0.5637071477698246,-0.004133235578534689,-0.02112857311727789,0.9997682230205561,1.2336193368232324,0.9515183684689257,1111,-0.6348168584389523,0.7726611750002146,0.0,24.017089626565948,FOLLOW_CENTERLINE,0.57734375,1.1726919780914424,0.022638841275896604,0.8328125000000002,0.7085937500000001,0.6351562499999999,0.59765625,0.5796874999999999,0.57734375,0.590625,0.6304687499999999,0.6937500000000001,0.7968750000000002,0.9992187500000003,1.3117187500000005,2.1148437500000004,5.0,5.0,2.5281249999999993,1.5671875000000006,1.1335937500000004,0.9109375000000003,0.7781250000000002,0.7015625000000001,0.65234375,0.6296875,0.6273437500000001,0.6429687500000001,0.6796875,0.7453125000000002,0.8578125000000002,1.0484375000000004,1.3898437500000007,1.9609375000000009,2.2093750000000005,3.045312499999997,5.0,1.4492187500000007,1.0312500000000004
9,193326.8751523625,5102485.43211124,143.94314594185707,0.3000005056427181,0.5863459890457239,0.5908737573009033,0.0063141450274145855,-0.021434094213458266,0.999750324419963,1.2803676730265199,0.73936559224703,1111,-0.7846539805989127,0.6199321537916345,0.0,23.721708404013942,FOLLOW_CENTERLINE,0.5992187499999999,1.1772197463466272,-0.0022638841275897104,0.8695312500000003,0.7523437500000001,0.67578125,0.6273437500000001,0.6125,0.60859375,0.621875,0.659375,0.73359375,0.8406250000000002,1.0320312500000004,1.3960937500000006,2.225,5.0,5.0,2.551562499999999,1.5007812500000006,1.0875000000000004,0.8695312500000003,0.7453125000000002,0.6671875,0.62421875,0.60234375,0.5992187499999999,0.6140625000000001,0.6507812500000001,0.7156250000000002,0.8218750000000001,0.9992187500000003,1.3359375000000004,1.9851562500000008,2.441406249999999,3.2226562499999964,2.8554687499999982,1.5140625000000005,1.0914062500000004
10,193326.68522650155,5102485.664335191,143.94924698441733,0.30006169185779696,0.6187949948745065,0.5523877271318764,-0.004024061923911498,-0.02244835422153937,0.9997399053345708,1.306810954243641,0.9927958059910234,1111,-0.6330862032187209,0.7740798379501623,0.0,23.421916222343942,FOLLOW_CENTERLINE,0.5640625,1.171182722006383,0.03320363387131503,0.8171875000000002,0.6953125000000001,0.6328125,0.5890624999999999,0.56640625,0.5640625,0.5874999999999999,0.621875,0.684375,0.7859375000000001,0.9648437500000004,1.3039062500000005,2.0843750000000005,5.0,5.0,2.7124999999999986,1.5828125000000006,1.1507812500000003,0.9265625000000003,0.7937500000000002,0.71015625,0.659375,0.63984375,0.63671875,0.6515625,0.6929687500000001,0.7601562500000001,0.8734375000000002,1.0625000000000002,1.4031250000000006,2.1656250000000004,2.6765624999999984,3.432812499999996,2.556249999999999,1.3812500000000005,1.0156250000000002
11,193326.4501977112,5102485.8507789215,143.9521572295779,0.30001377696279585,0.597665409683672,0.5909929033468894,-0.008549171173496333,-0.02138432011154436,0.9997347760909455,1.3196342091737407,1.2644047129196865,1111,-0.7834293012734779,0.6214791014273545,0.0,23.1265069318103,FOLLOW_CENTERLINE,0.6,1.1886583130305612,0.003336253168391312,0.8578125000000002,0.7320312500000001,0.66328125,0.62578125,0.6,0.6046874999999999,0.6117187500000001,0.65,0.7187500000000001,0.8257812500000001,1.0093750000000001,1.3609375000000004,2.1625000000000005,5.0,5.0,2.582031249999999,1.5234375000000009,1.0984375000000002,0.8851562500000001,0.75703125,0.6796875,0.63671875,0.60859375,0.609375,0.6234375,0.66328125,0.7281250000000001,0.8375000000000001,1.0203125000000002,1.3523437500000006,2.1156250000000005,2.9304687499999975,3.648437499999995,2.6023437499999984,1.4695312500000004,1.0648437500000003
12,193326.26067726998,5102486.083333858,143.95614883220574,0.30002621411545427,0.6301144155124551,0.544841446706578,-0.012085675078789687,-0.01602963138959105,0.9997984733812129,1.1503000354708377,1.1170569946029942,1111,-0.6317348040816353,0.775183123143954,0.0,22.82672912482708,FOLLOW_CENTERLINE,0.5578124999999999,1.174955862219033,0.042636484402938546,0.7945312500000001,0.7000000000000001,0.625,0.57890625,0.5609375,0.5578124999999999,0.5718749999999999,0.61015625,0.6773437500000001,0.7765625000000002,0.9507812500000004,1.2734375000000004,2.0390625000000004,5.0,5.0,2.7656249999999982,1.6203125000000007,1.1601562500000002,0.9343750000000002,0.8023437500000001,0.7187500000000001,0.67265625,0.6515625,0.6484375,0.6640625000000001,0.70390625,0.7703125000000002,0.8890625000000002,1.0820312500000002,1.4382812500000006,2.25,3.1757812499999964,3.957031249999994,2.35859375,1.3687500000000004,1.0023437500000003
13,193326.02593563346,5102486.270139,143.95674861566937,0.30000026128117585,0.6059663181515007,0.5742719403652453,-0.003245465067535535,-0.017061390329972836,0.9998491765844004,0.995124628387646,0.8807258658481119,1111,-0.7824721216242615,0.6226838055773596,0.0,22.53134608036466,FOLLOW_CENTERLINE,0.5882812499999999,1.180238258516746,0.015847188893127695,0.8453125000000002,0.7242187500000001,0.653125,0.60859375,0.5882812499999999,0.5921875,0.6031249999999999,0.6484375,0.70703125,0.8179687500000001,0.9968750000000002,1.3382812500000005,2.1460937500000004,5.0,5.0,2.6460937499999986,1.5570312500000008,1.0914062500000004,0.8953125000000003,0.7648437500000003,0.68828125,0.6460937500000001,0.62109375,0.61796875,0.63671875,0.6765625000000001,0.7445312500000001,0.8562500000000002,1.0421875000000003,1.3828125000000004,2.1421875000000004,3.4648437499999956,4.250781249999993,2.4281249999999996,1.4320312500000008,1.0375000000000003
14,193325.76064419642,5102486.410211331,143.95819927908136,0.3000031814105736,0.5139016969628757,0.6489801165757314,-0.003967862323501241,-0.02196381272418444,0.9997508924723193,1.2789102612346526,1.2190786272462002,1111,-0.8843047901817033,0.4669077693722669,0.0,22.251163934539225,FOLLOW_CENTERLINE,0.5351562499999998,1.1628818135386072,-0.06753920980642786,0.9710937500000003,0.8281250000000002,0.7476562500000001,0.6968750000000001,0.67109375,0.6703125000000001,0.6875,0.73515625,0.8031250000000001,0.9296875000000002,1.1351562500000003,1.5328125000000008,2.4695312499999993,5.0,5.0,2.30078125,1.3500000000000005,0.9578125000000003,0.7781250000000002,0.6648437500000002,0.5953125,0.5570312499999999,0.5359374999999998,0.5351562499999998,0.5515625,0.58671875,0.6421875,0.7445312500000001,0.9054687500000003,1.2039062500000004,1.882031250000001,3.6953124999999947,4.320312499999993,2.831249999999998,1.6515625000000007,1.2093750000000003
15,193325.53527476135,5102486.608222458,143.96130646067948,0.300015737929383,0.5176748371754792,0.6708643298090397,-0.01410237622406507,-0.027148045583109313,0.9995319437646064,1.7530874827227876,1.7020814933108936,1111,-0.7512314503475117,0.6600370875068031,0.0,21.953830640145046,FOLLOW_CENTERLINE,0.5203125,1.188539166984519,-0.0765947463167802,0.9804687500000002,0.8445312500000002,0.7656250000000002,0.7085937500000001,0.6898437500000001,0.68125,0.6960937500000002,0.7437500000000001,0.8171875000000002,0.9468750000000004,1.1578125000000004,1.5687500000000005,2.5054687499999995,5.0,5.0,2.2578125,1.3195312500000005,0.9531250000000002,0.7593750000000001,0.62421875,0.5843749999999999,0.5453125,0.5257812499999999,0.5203125,0.5359374999999998,0.56953125,0.62578125,0.7210937500000001,0.8820312500000003,1.1820312500000003,1.841406250000001,3.870312499999994,4.582812499999992,2.815624999999998,1.6671875000000007,1.2218750000000005
16,193325.35622202128,5102486.84892957,143.96527639536427,0.3000259290559482,0.5554062393020023,0.6112487144492146,-0.013913574200832156,-0.024029436793599555,0.9996144249761207,1.5911313500721755,1.4615127051030004,1111,-0.596842466898337,0.8023570454527106,0.0,21.654682631422673,FOLLOW_CENTERLINE,0.55859375,1.166654953751217,-0.02792123757360615,0.9078125000000002,0.78046875,0.70703125,0.653125,0.6328125,0.6296875,0.6468750000000001,0.6898437500000001,0.7578125000000001,0.8687500000000002,1.0710937500000002,1.4492187500000007,2.2867187499999995,5.0,5.0,2.467968749999999,1.4414062500000007,1.0429687500000002,0.8367187500000002,0.7156250000000002,0.64453125,0.5882812499999999,0.55859375,0.57421875,0.5890624999999999,0.62421875,0.6859375,0.7890625000000001,0.9664062500000004,1.2921875000000007,2.015625000000001,4.157812499999993,4.93437499999999,2.6273437499999988,1.5812500000000007,1.1304687500000006
17,193325.2235757386,5102487.118010914,143.97254371242587,0.3000876869124538,0.6587902811286243,0.509373928707699,-0.013878018307054495,-0.021101523147718456,0.9996810122877774,1.447225320846675,1.2478774314377938,1111,-0.44215427546449204,0.8969378099599395,0.0,21.364733262573253,FOLLOW_CENTERLINE,0.52421875,1.1681642098363234,0.0747081762104626,0.7609375000000002,0.64921875,0.5851562499999998,0.54296875,0.528125,0.52421875,0.54296875,0.5734374999999999,0.63125,0.7328125000000001,0.8875000000000002,1.2085937500000004,1.903125000000001,5.0,5.0,2.9078124999999977,1.7109375000000009,1.2273437500000006,0.9898437500000004,0.8429687500000003,0.7593750000000001,0.7046875,0.6828125,0.6765625000000001,0.6796875,0.7359375,0.8078125000000002,0.9273437500000004,1.1296875000000006,1.5140625000000005,2.3757812499999993,4.3890624999999925,5.0,2.1750000000000003,1.2992187500000005,0.9460937500000004
18,193325.03137268,5102487.34835364,143.97539459056637,0.30001319098500606,0.69350317108493,0.48069806309151286,-0.004574717342841082,-0.024777028296374955,0.9996825350230111,1.4437667328437376,1.1108387048694945,1111,-0.6406768619218337,0.7678090862985812,0.0,21.064813251568722,FOLLOW_CENTERLINE,0.4867187499999999,1.1742012341764427,0.10640255399670856,0.7085937500000001,0.61015625,0.5421874999999999,0.5101562499999999,0.4937499999999999,0.4867187499999999,0.50703125,0.53984375,0.596875,0.6890625,0.8468750000000003,1.1078125,1.801562500000001,4.811718749999991,5.0,3.0632812499999975,1.8046875000000009,1.2937500000000006,1.0351562500000002,0.8859375000000002,0.7960937500000003,0.74140625,0.7195312500000002,0.7132812500000001,0.7328125000000001,0.77265625,0.83515625,0.9789062500000003,1.1890625000000004,1.5882812500000008,2.499999999999999,4.664843749999991,5.0,2.0968750000000007,1.2226562500000004,0.8757812500000002
19,193324.79473526034,5102487.532751388,143.97902216217528,0.3000215942833487,0.669355073724013,0.5123924408777955,-0.0020050368824893936,-0.022956940666133,0.9997344440912055,1.3204599276700266,1.108206807704347,1111,-0.7887913990294771,0.6146591548761385,0.0,20.770193629400627,FOLLOW_CENTERLINE,0.5265624999999999,1.1817475146018084,0.0784813164231088,0.7460937500000002,0.6453125000000001,0.57734375,0.5406249999999999,0.5265624999999999,0.5265624999999999,0.5351562499999998,0.5765625,0.6382812499999999,0.73515625,0.8796875000000002,1.1781250000000003,1.888281250000001,5.0,5.0,2.8914062499999975,1.727343750000001,1.2429687500000004,0.9953125000000003,0.8460937500000003,0.75703125,0.7117187500000002,0.6875,0.6851562499999999,0.703125,0.7429687500000002,0.8164062500000002,0.9382812500000002,1.1406250000000004,1.5109375000000007,2.3749999999999996,4.89374999999999,5.0,2.23515625,1.3046875000000004,0.9296875000000002
20,193324.528232723,5102487.670505525,143.97955806652791,0.300000152954546,0.5742719403652703,0.587100617088279,-0.005049510322215697,-0.023324416201059003,0.9997151964706678,1.3674788610490007,1.320136511139959,1111,-0.88834179099383,0.4591804579542945,0.0,20.491471701690845,FOLLOW_CENTERLINE,0.6,1.1613725574535492,-0.006414338361504346,0.8765625000000002,0.74921875,0.675,0.628125,0.6125,0.60859375,0.63359375,0.6671875,0.7250000000000001,0.8437500000000002,1.0273437500000004,1.3906250000000007,2.22265625,5.0,5.0,2.5648437499999988,1.5132812500000006,1.0929687500000005,0.8789062500000002,0.7500000000000001,0.671875,0.62421875,0.6,0.6,0.61796875,0.6539062499999999,0.7148437500000002,0.8242187500000002,1.00625,1.3328125000000006,2.090625,4.92890624999999,5.0,2.5570312499999988,1.4937500000000008,1.0937500000000004
21,193324.301290239,5102487.866711786,143.98201767179535,0.30000972937317505,0.578799708620396,0.6180403668319483,-0.0058075260034273265,-0.025094388436302285,0.9996682171154226,1.4759669333251486,1.305397843668278,1111,-0.7564749466533464,0.6540208708106586,0.0,20.19469105158635,FOLLOW_CENTERLINE,0.5835937499999999,1.1968400754523443,-0.019620329105776158,0.9031250000000002,0.7664062500000002,0.7015625000000001,0.6578125,0.6304687499999999,0.6203125,0.6382812499999999,0.6820312500000001,0.7460937500000002,0.8585937500000003,1.0640625000000004,1.4179687500000007,2.26875,5.0,5.0,2.526562499999999,1.4867187500000008,1.0679687500000001,0.8554687500000002,0.7328125000000001,0.65625,0.6117187500000001,0.58984375,0.5835937499999999,0.6,0.63125,0.7000000000000001,0.8070312500000001,0.9867187500000003,1.3054687500000004,2.025000000000001,4.935937499999991,5.0,2.6257812499999984,1.5406250000000008,1.1187500000000004
22,193324.12055657044,5102488.106159356,143.989953954787,0.3001046192781089,0.6142672266193332,0.551633099089352,-0.005155861579006162,-0.016311175830309027,0.9998536706110605,0.9801864751786328,0.7988316395199605,1111,-0.6024455620413014,0.7981585682658947,0.0,19.895263024167377,FOLLOW_CENTERLINE,0.5726562499999999,1.165900325708685,0.031317063764990605,0.8382812500000001,0.7148437500000002,0.6390625,0.59375,0.57734375,0.5726562499999999,0.5859374999999999,0.61796875,0.6851562499999999,0.8015625000000002,0.9648437500000004,1.3062500000000004,2.056250000000001,5.0,5.0,2.7609374999999985,1.6046875000000007,1.1601562500000002,0.9265625000000003,0.7945312500000001,0.7109375000000001,0.6625000000000001,0.6375,0.63125,0.653125,0.6875,0.7546875000000001,0.8609375000000002,1.0625000000000002,1.4062500000000004,2.18671875,5.0,5.0,2.439062499999999,1.4164062500000005,1.0320312500000004
23,193323.8920949196,5102488.300594614,143.99167829447325,0.30000461429359904,0.6142672266193243,0.5750265684077704,-0.007825875581376976,-0.017056229100884456,0.9998239048553715,1.0752704089234635,1.0348792370959716,1111,-0.7615388359418991,0.6481175261840192,0.0,19.598897486703223,FOLLOW_CENTERLINE,0.5890624999999999,1.1892937950270948,0.019620329105776935,0.8578125000000002,0.7242187500000001,0.6539062499999999,0.6117187500000001,0.5890624999999999,0.58984375,0.6039062499999999,0.65,0.7140625000000002,0.8210937500000002,0.9976562500000001,1.3375000000000006,2.1421875000000004,5.0,5.0,2.694531249999998,1.5757812500000006,1.1312500000000005,0.9070312500000002,0.7757812500000001,0.69140625,0.6484375,0.6273437500000001,0.62109375,0.6359374999999999,0.67578125,0.7375,0.8492187500000001,1.0273437500000004,1.3757812500000004,2.13671875,5.0,5.0,2.515624999999999,1.4562500000000007,1.06875
24,193323.70972949456,5102488.538801771,143.99528212930744,0.3000213082677116,0.643697720277998,0.5305035138985139,-0.006793561752949832,-0.018455145770424175,0.9998066088565835,1.1268417258860939,0.9518900804289022,1111,-0.6078847502964593,0.7940238550422671,0.0,19.299346321981623,FOLLOW_CENTERLINE,0.546875,1.174201234176512,0.05659710318974204,0.784375,0.66796875,0.60234375,0.5625,0.55078125,0.546875,0.565625,0.59296875,0.6578125,0.7523437500000001,0.9140625000000003,1.2484375000000005,1.9687500000000009,5.0,5.0,2.9039062499999977,1.686718750000001,1.2195312500000004,0.9796875000000003,0.8312500000000002,0.7460937500000002,0.6960937500000002,0.671875,0.66796875,0.6875,0.7250000000000001,0.7960937500000003,0.9109375000000003,1.1148437500000004,1.4789062500000005,2.3046875,5.0,5.0,2.27421875,1.3648437500000006,0.9726562500000002
25,193323.48009348256,5102488.73184865,143.9976210095352,0.3000087763150839,0.6406792081078712,0.5516330990893449,-0.009058667632834016,-0.022138638396515448,0.999713869680053,1.370660591736673,1.3050387619341997,1111,-0.7654533733596857,0.6434895979488552,0.0,19.003342899331006,FOLLOW_CENTERLINE,0.5648437500000001,1.192312307197216,0.04452305450926314,0.8109375000000002,0.69453125,0.628125,0.5921875,0.5648437500000001,0.56640625,0.575,0.6195312500000001,0.675,0.7757812500000001,0.9554687500000003,1.2679687500000003,2.0421875000000007,5.0,5.0,2.8414062499999977,1.6421875000000008,1.1890625000000004,0.9539062500000002,0.8109375000000002,0.7281250000000001,0.6773437500000001,0.653125,0.6507812500000001,0.6664062500000001,0.703125,0.7789062500000001,0.8906250000000002,1.0843750000000003,1.4296875000000009,2.24375,5.0,5.0,2.3687499999999995,1.4210937500000007,1.0000000000000002
26,193323.21809377207,5102488.877985419,143.99786906249145,0.2999997751821108,0.5561608673445486,0.616531110746942,-0.011780109134304743,-0.024462265328947314,0.9996313453487542,1.555825309195399,1.553022959832108,1111,-0.8733323683213052,0.487122563565215,0.0,18.722354478629274,FOLLOW_CENTERLINE,0.575,1.1726919780914906,-0.030185121701196693,0.9187500000000003,0.7984375000000001,0.7125000000000001,0.6585937500000001,0.64140625,0.6375,0.6539062499999999,0.7078125000000001,0.7718750000000001,0.8914062500000002,1.0828125000000002,1.4523437500000007,2.3437499999999996,5.0,5.0,2.534374999999999,1.4523437500000007,1.0539062500000003,0.8429687500000003,0.7210937500000001,0.64453125,0.60546875,0.5804687499999999,0.575,0.5914062499999999,0.6273437500000001,0.6859375,0.7914062500000001,0.9640625000000004,1.2835937500000005,1.9851562500000008,4.87968749999999,5.0,2.6742187499999988,1.5765625000000005,1.1367187500000004
27,193322.99692970407,5102489.08068284,144.00030318435844,0.30000952414391674,0.5710926078129742,0.6369060678951999,-0.01049296436365628,-0.02227160695399424,0.9996968906736431,1.4107441252702755,1.3470668966334503,1111,-0.7372135600997025,0.6756580698980609,0.0,18.424825175891893,FOLLOW_CENTERLINE,0.5703125,1.2079986757081742,-0.03290673004111283,0.9281250000000003,0.7960937500000003,0.72265625,0.67109375,0.64921875,0.6507812500000001,0.6656250000000001,0.70703125,0.78046875,0.8984375000000002,1.0976562500000002,1.4601562500000005,2.3671874999999996,5.0,5.0,2.4554687499999996,1.4554687500000008,1.0429687500000002,0.8343750000000001,0.7164062500000001,0.6429687500000001,0.6015625,0.5765625,0.5703125,0.5914062499999999,0.62421875,0.6828125,0.7859375000000001,0.9523437500000003,1.2710937500000004,1.958593750000001,4.82343749999999,5.0,2.6992187499999982,1.5992187500000008,1.1562500000000004
28,193322.8223290732,5102489.324638613,144.00486186535827,0.3000342992716799,0.6089848303216275,0.5742719403652523,-0.00023422684009053276,-0.021107101895934538,0.9997771928721629,1.2095121471955477,0.714774660303301,1111,-0.58200210264676,0.8131859073513023,0.0,18.125733848294566,FOLLOW_CENTERLINE,0.59296875,1.1832567706868797,0.017356444978187613,0.8554687500000002,0.72578125,0.6578125,0.6148437500000001,0.5992187499999999,0.59296875,0.6070312499999999,0.6390625,0.7054687500000001,0.8179687500000001,0.9890625000000003,1.3343750000000005,2.13984375,5.0,5.0,2.7249999999999983,1.6007812500000007,1.1484375000000004,0.9140625000000003,0.7835937500000001,0.703125,0.65625,0.63671875,0.63125,0.64921875,0.684375,0.75390625,0.8625000000000003,1.0500000000000003,1.3906250000000007,2.17578125,5.0,5.0,2.507812499999999,1.4562500000000007,1.0609375
29,193322.59831431578,5102489.5241810465,144.00694091151678,0.30000686147102856,0.6135125985767907,0.590992903346881,-0.008076014605245613,-0.017884203542239758,0.9998074480877582,1.124393994061935,1.0729898104792093,1111,-0.7467158582348744,0.6651414450480143,0.0,17.828822254633735,FOLLOW_CENTERLINE,0.5984375,1.2045055019236717,0.011259847614954854,0.8679687500000002,0.7445312500000001,0.67109375,0.6226562499999999,0.5984375,0.6,0.6140625000000001,0.65546875,0.72265625,0.8312500000000002,1.0078125,1.3570312500000006,2.190625,5.0,5.0,2.6679687499999982,1.5757812500000006,1.1359375000000003,0.9062500000000002,0.7671875000000001,0.6929687500000001,0.64453125,0.62109375,0.6195312500000001,0.6382812499999999,0.6765625000000001,0.7421875000000001,0.8476562500000002,1.0367187500000004,1.3742187500000005,2.1429687500000005,5.0,5.0,2.564062499999999,1.4992187500000007,1.0757812500000001
30,193322.42070224858,5102489.765953154,144.01046443820874,0.30002035556919615,0.6512440007033,0.5327673980261063,-0.004696695381245584,-0.023996919178427303,0.9997009997606484,1.4011486735810552,1.0309351130569215,1111,-0.5920402239688802,0.8059070261104413,0.0,17.52944387693551,FOLLOW_CENTERLINE,0.54765625,1.1840113987294063,0.059238301338596866,0.7992187500000001,0.671875,0.6117187500000001,0.5703125,0.54765625,0.55078125,0.559375,0.59453125,0.653125,0.7500000000000001,0.9351562500000001,1.2507812500000004,2.0093750000000012,5.0,5.0,2.8890624999999974,1.7062500000000007,1.2289062500000005,0.9882812500000002,0.8406250000000002,0.7578125000000001,0.6984375,0.6734375,0.6703125000000001,0.68828125,0.73515625,0.8070312500000001,0.9250000000000003,1.1234375000000005,1.4906250000000008,2.3296875,5.0,5.0,2.284375,1.3601562500000004,0.9921875000000002
31,193322.19449747773,5102489.963009483,144.0137796602993,0.3000179758008126,0.6572810250435256,0.5440868186640436,-0.010455843418908598,-0.022968603155465898,0.9996815085853525,1.4460989887933657,1.3859286353076345,1111,-0.7540159027164578,0.6568544275409267,0.0,17.233085423194684,FOLLOW_CENTERLINE,0.5562499999999999,1.2013678437075692,0.05659710318974098,0.8109375000000002,0.6953125000000001,0.63203125,0.5804687499999999,0.5609375,0.5562499999999999,0.56953125,0.6070312499999999,0.6664062500000001,0.7679687500000001,0.9609375000000003,1.2601562500000003,2.0187500000000007,5.0,5.0,2.824999999999998,1.692187500000001,1.2109375000000004,0.9679687500000003,0.8296875000000001,0.7406250000000001,0.6890625,0.6671875,0.6585937500000001,0.675,0.71796875,0.7898437500000002,0.9085937500000003,1.1062500000000002,1.4734375000000006,2.2874999999999996,5.0,5.0,2.3367187499999993,1.3890625000000005,1.0179687500000003
32,193321.93473395976,5102490.113085189,144.01725351931347,0.30001978336860136,0.5750265684077948,0.6029478059814016,-0.01026553290147815,-0.027205435024049516,0.9995771521695567,1.6662685147881786,1.6441535875453266,1111,-0.8658783932072003,0.5002523555874117,0.0,16.951607807435106,FOLLOW_CENTERLINE,0.59375,1.1779743743891964,-0.013960618786803436,0.9117187500000004,0.7765625000000002,0.703125,0.65,0.6265625,0.6226562499999999,0.6539062499999999,0.68828125,0.7593750000000001,0.8781250000000003,1.0742187500000002,1.4289062500000007,2.3140625,5.0,5.0,2.5492187499999988,1.5210937500000008,1.0867187500000004,0.8664062500000003,0.7367187500000001,0.66796875,0.61875,0.5984375,0.59375,0.61015625,0.6468750000000001,0.7007812500000001,0.8093750000000002,0.9828125000000003,1.3148437500000005,2.0515625000000006,4.87968749999999,5.0,2.6382812499999986,1.5820312500000007,1.1250000000000004
33,193321.71637290114,5102490.31879916,144.01876697547934,0.30000346756269597,0.5916283853434107,0.6263412752997841,-0.01347344199221904,-0.02132543183767975,0.9996817955318676,1.4454473721860595,1.4188494621372245,1111,-0.7278701955478455,0.6857132393598323,0.0,16.653976412687076,FOLLOW_CENTERLINE,0.59296875,1.217969660643195,-0.017356444978186725,0.9078125000000002,0.7757812500000001,0.6984375,0.653125,0.6304687499999999,0.6296875,0.6617187500000001,0.6929687500000001,0.7687500000000002,0.8695312500000003,1.0898437500000004,1.4414062500000007,2.3523437499999993,5.0,5.0,2.527343749999999,1.5156250000000007,1.0875000000000004,0.8695312500000003,0.7445312500000001,0.6656250000000001,0.61875,0.5953125,0.59296875,0.6117187500000001,0.64375,0.70703125,0.8156250000000003,0.9835937500000003,1.3148437500000005,2.048437500000001,4.914062499999991,5.0,2.6914062499999982,1.5835937500000008,1.1367187500000004
34,193321.54470770326,5102490.564829361,144.0256039347878,0.3000775626759877,0.6316236715975262,0.5606886355997156,-0.008451810301116996,-0.02399319002443923,0.9996763945072852,1.4576635191449259,1.1838525279888275,1111,-0.5722173262559918,0.8201006673206328,0.0,16.3549012582801,FOLLOW_CENTERLINE,0.57890625,1.1923123071972417,0.035467517998905296,0.8210937500000002,0.7140625000000002,0.63671875,0.5984375,0.57890625,0.5804687499999999,0.58984375,0.6195312500000001,0.6890625,0.7929687500000002,0.9687500000000003,1.2960937500000005,2.0937500000000004,5.0,5.0,2.8414062499999977,1.6695312500000006,1.1960937500000004,0.9609375000000003,0.8187500000000002,0.734375,0.684375,0.66015625,0.6539062499999999,0.6671875,0.7140625000000002,0.7812500000000001,0.8968750000000003,1.0851562500000003,1.4343750000000006,2.2125000000000004,5.0,5.0,2.42890625,1.4210937500000007,1.0187500000000003
35,193321.3228397435,5102490.766756087,144.02780918891733,0.3000077621636603,0.6474708604906337,0.5716287846264704,0.004018454809169677,-0.027188844321448333,0.9996222380306526,1.5749269684380172,0.997168789530689,1111,-0.7395598659302948,0.6730890832776764,0.0,16.058001427131316,FOLLOW_CENTERLINE,0.5765625,1.2190996451171041,0.03792103793208168,0.8406250000000002,0.7312500000000001,0.65,0.609375,0.5765625,0.5796874999999999,0.6171875,0.63359375,0.69453125,0.8078125000000002,0.9882812500000002,1.3171875000000006,2.1304687500000004,5.0,5.0,2.8164062499999982,1.6492187500000008,1.1937500000000005,0.9468750000000004,0.8148437500000003,0.7265625000000001,0.68046875,0.65703125,0.64765625,0.6671875,0.7054687500000001,0.7710937500000001,0.8890625000000002,1.0773437500000003,1.4226562500000006,2.2289062500000005,5.0,5.0,2.475781249999999,1.4140625000000004,1.0250000000000004
36,193321.06592939064,5102490.921665327,144.0301470501681,0.30000877930511066,0.5652164038549033,0.6248320192147666,-0.004877164202965886,-0.01892072877729743,0.9998090914228942,1.1195854867907973,1.0727253982324467,1111,-0.856367842788192,0.5163641359153524,0.0,15.775602689876186,FOLLOW_CENTERLINE,0.58671875,1.19004842306967,-0.02980780767993163,0.9328125000000003,0.8023437500000001,0.7195312500000002,0.675,0.6515625,0.6468750000000001,0.6671875,0.7125000000000001,0.7757812500000001,0.8976562500000003,1.0960937500000003,1.4703125000000004,2.36328125,5.0,5.0,2.5335937499999988,1.4781250000000006,1.07265625,0.8632812500000002,0.7320312500000001,0.66015625,0.6125,0.5921875,0.58671875,0.6031249999999999,0.6375,0.69921875,0.8015625000000002,0.9703125000000004,1.2867187500000006,2.0070312500000007,4.724218749999991,5.0,2.7710937499999977,1.5984375000000006,1.1468750000000003
37,193320.8510872608,5102491.131051692,144.0362219630169,0.3000611527273686,0.5886692091004208,0.6361514398526753,-0.0005874716168578089,-0.021688564540859743,0.9997646028167111,1.2432165440493546,0.9134529674776006,1111,-0.7161404328001221,0.6979545529483898,0.0,15.47769078647595,FOLLOW_CENTERLINE,0.5921875,1.224820648953096,-0.023741115376127275,0.9210937500000003,0.8000000000000002,0.7203125000000001,0.6609375000000001,0.6453125000000001,0.64765625,0.6578125,0.69921875,0.7773437500000002,0.9164062500000003,1.0953125000000004,1.4546875000000008,2.35078125,5.0,5.0,2.569531249999999,1.5023437500000008,1.0757812500000001,0.8710937500000002,0.7398437500000001,0.6609375000000001,0.6171875,0.5960937500000001,0.5921875,0.61015625,0.64140625,0.7085937500000001,0.8093750000000002,0.9796875000000003,1.3070312500000003,1.9968750000000008,4.799999999999991,5.0,2.7499999999999982,1.5726562500000005,1.1593750000000003
38,193320.68307304566,5102491.379589464,144.0412408259811,0.30004164591910015,0.6353968118101779,0.5591793795146577,-0.003641554656368057,-0.022278562571951707,0.999745169895515,1.293517234221801,0.8877723354266576,1111,-0.5600473838606189,0.8284592371752793,0.0,15.17875078973495,FOLLOW_CENTERLINE,0.57890625,1.1945761913248356,0.038108716147760124,0.8437500000000002,0.7148437500000002,0.64453125,0.5984375,0.58203125,0.57890625,0.5992187499999999,0.6453125000000001,0.6921875000000001,0.8031250000000001,0.9695312500000004,1.3078125000000003,2.105468750000001,5.0,5.0,2.856249999999998,1.6617187500000008,1.1914062500000004,0.9523437500000003,0.8187500000000002,0.7390625000000001,0.6875,0.659375,0.6578125,0.67265625,0.7125000000000001,0.7867187500000001,0.8992187500000002,1.0882812500000003,1.4421875000000006,2.22734375,5.0,5.0,2.4710937499999988,1.4632812500000005,1.0242187500000004
39,193320.46389177535,5102491.584429313,144.0447471867678,0.30002014583157033,0.6519986287458105,0.580148996863448,0.00041353261434413046,-0.02046551717168334,0.999790473848232,1.1729090354502272,0.8405497039466058,1111,-0.7306042343312782,0.6827994985321758,0.0,14.881697495500937,FOLLOW_CENTERLINE,0.5992187499999999,1.2321476256092585,0.03592481594118124,0.8468750000000003,0.7148437500000002,0.6507812500000001,0.6109375,0.6046874999999999,0.6,0.5992187499999999,0.6359374999999999,0.7000000000000001,0.8007812500000002,0.9906250000000003,1.3296875000000008,2.1062500000000006,5.0,5.0,2.862499999999998,1.654687500000001,1.1882812500000004,0.9484375000000003,0.8171875000000002,0.7312500000000001,0.684375,0.6625000000000001,0.6578125,0.6742187500000001,0.71015625,0.7781250000000002,0.8992187500000002,1.0906250000000004,1.4390625000000008,2.2421875,5.0,5.0,2.4664062499999995,1.4375000000000007,1.0617187500000003
40,193320.20876368796,5102491.7422566265,144.0494508218549,0.30003654094913546,0.5727626842802014,0.6210588790021156,-0.003928416292755768,-0.020076546922576356,0.9997907280071646,1.1721974150458452,1.0967277499972083,1111,-0.8504269579687047,0.5260910445788616,0.0,14.599151169871718,FOLLOW_CENTERLINE,0.5953125,1.193821563282317,-0.024148097360957133,0.9312500000000002,0.8156250000000003,0.7289062500000001,0.6625000000000001,0.65234375,0.63984375,0.6609375000000001,0.6953125000000001,0.7687500000000002,0.8953125000000003,1.0898437500000004,1.4640625000000007,2.3406249999999993,5.0,5.0,2.5804687499999988,1.5000000000000007,1.0851562500000003,0.8648437500000004,0.7429687500000002,0.6671875,0.6171875,0.5984375,0.5953125,0.60625,0.65,0.7132812500000001,0.8148437500000003,0.9820312500000004,1.3140625000000004,2.004687500000001,4.818749999999991,5.0,2.6914062499999982,1.5710937500000006,1.1546875000000005
41,193319.996089355,5102491.953844479,144.05162128940853,0.30000750370624174,0.5995131155838511,0.627342495313028,-0.005959269450334877,-0.01985686073978819,0.9997850729977815,1.1879301353502338,1.0474163339972522,1111,-0.7089144431456694,0.70529284368301,0.0,14.30125886136265,FOLLOW_CENTERLINE,0.6015625,1.2268556108968791,-0.013914689864588436,0.9734375000000003,0.78828125,0.7093750000000001,0.6671875,0.6359374999999999,0.640625,0.65703125,0.6921875000000001,0.7718750000000001,0.8843750000000001,1.0734375000000003,1.4484375000000007,2.3125,5.0,5.0,2.6203124999999985,1.5343750000000007,1.0976562500000002,0.8796875000000002,0.7554687500000001,0.6765625000000001,0.625,0.60625,0.6015625,0.6203125,0.653125,0.7195312500000002,0.8273437500000003,1.0023437500000003,1.3359375000000004,2.0406250000000004,4.900781249999991,5.0,2.6765624999999984,1.5835937500000008,1.1500000000000004
42,193319.8303061938,5102492.203875965,144.05775660112405,0.30006239794224376,0.6474708604906577,0.5546516112594794,0.0010775264521511324,-0.017487144371243848,0.9998465075792803,1.0038912136175497,0.5022342169034661,1111,-0.5526105373872658,0.8334382867902227,0.0,14.00228202763127,FOLLOW_CENTERLINE,0.56875,1.202122471750137,0.04640962461558917,0.8273437500000003,0.7007812500000001,0.62578125,0.58984375,0.56875,0.5703125,0.58984375,0.6234375,0.6828125,0.7828125000000001,0.9546875000000002,1.2929687500000007,2.059375000000001,5.0,5.0,2.905468749999998,1.6976562500000008,1.2234375000000006,0.9750000000000003,0.8343750000000001,0.7445312500000001,0.6953125000000001,0.67578125,0.6656250000000001,0.6875,0.7289062500000001,0.8023437500000001,0.9148437500000004,1.1218750000000004,1.4750000000000005,2.27265625,5.0,5.0,2.4507812499999995,1.4171875000000007,1.0390625000000004
43,193319.61277575427,5102492.410468077,144.06116200423602,0.3000189820099219,0.6663365615538768,0.5693050903800181,-0.001669461609960995,-0.01825014733145258,0.9998320584079674,1.0500810988035134,0.8241060047676219,1111,-0.725101465000812,0.6886403732312457,0.0,13.705335184473464,FOLLOW_CENTERLINE,0.57421875,1.2356416519338949,0.04851573558692934,0.8093750000000002,0.70625,0.6375,0.6015625,0.578125,0.57421875,0.5874999999999999,0.6203125,0.68671875,0.7890625000000001,0.9648437500000004,1.3000000000000005,2.0773437500000007,5.0,5.0,2.9070312499999975,1.6875000000000009,1.2265625000000004,0.9765625000000003,0.83515625,0.7460937500000002,0.6984375,0.67890625,0.6640625000000001,0.6898437500000001,0.73046875,0.8000000000000002,0.9156250000000004,1.1179687500000004,1.4773437500000006,2.278125,5.0,5.0,2.386718749999999,1.4484375000000007,1.0210937500000004
44,193319.35874827215,5102492.570060808,144.0609261500263,0.2999997617740386,0.5893645012158584,0.6059663181515165,-0.00567369813304855,-0.01588755899387289,0.9998576871828867,0.9666400583536886,0.943772460786156,1111,-0.846758273867532,0.5319757706841283,0.0,13.423214551346188,FOLLOW_CENTERLINE,0.6148437500000001,1.1953308193673748,-0.008300908467829049,0.9054687500000003,0.7898437500000002,0.703125,0.66015625,0.62890625,0.63125,0.6515625,0.6937500000000001,0.7562500000000001,0.8796875000000002,1.0703125,1.4312500000000008,2.2890624999999996,5.0,5.0,2.6703124999999983,1.5460937500000007,1.1218750000000004,0.8984375000000002,0.7679687500000001,0.68828125,0.6375,0.6195312500000001,0.6148437500000001,0.6296875,0.6617187500000001,0.7281250000000001,0.8406250000000002,1.0210937500000004,1.3546875000000007,2.1085937500000007,4.975781249999991,5.0,2.6828124999999985,1.5906250000000008,1.1156250000000003
45,193319.14740163667,5102492.782974855,144.06494147548736,0.3000265230022119,0.6180403668319614,0.6157764827043717,-0.004510472864303486,-0.01687814129985943,0.9998473803440215,1.0010329870400183,0.8647180815147089,1111,-0.7044887850075625,0.7097134902322756,0.0,13.125507021943717,FOLLOW_CENTERLINE,0.6171875,1.233816849536333,0.0011319420637948552,0.9085937500000003,0.7734375000000001,0.6953125000000001,0.65234375,0.63359375,0.628125,0.6390625,0.684375,0.7515625000000001,0.8601562500000002,1.0585937500000002,1.4250000000000007,2.27421875,5.0,5.0,2.6882812499999984,1.5648437500000008,1.1281250000000005,0.9093750000000003,0.77265625,0.6968750000000001,0.6468750000000001,0.628125,0.6171875,0.640625,0.675,0.7398437500000001,0.8523437500000002,1.0382812500000003,1.3703125000000003,2.13984375,5.0,5.0,2.624218749999999,1.5484375000000008,1.1234375000000005
46,193318.98297835255,5102493.033902702,144.06917983261366,0.30002960582487903,0.6693550737240259,0.5388044223663522,-0.012779725026645225,-0.014349305399325676,0.999815370987464,1.1010176622699641,1.0631171169076805,1111,-0.5480776136938057,0.8364261567826394,0.0,12.826389522083744,FOLLOW_CENTERLINE,0.5609375,1.208159496090378,0.06527532567883687,0.8093750000000002,0.6765625000000001,0.6156250000000001,0.5718749999999999,0.56328125,0.5609375,0.5703125,0.60546875,0.66796875,0.7656250000000002,0.9492187500000002,1.2593750000000004,2.032031250000001,5.0,5.0,3.0164062499999975,1.732031250000001,1.2570312500000005,1.0046875000000002,0.8617187500000003,0.7765625000000002,0.72578125,0.6976562500000001,0.6875,0.71015625,0.753125,0.8257812500000001,0.9539062500000002,1.1437500000000003,1.5226562500000007,2.37890625,5.0,5.0,2.3812499999999996,1.3664062500000005,1.0054687500000001
47,193318.7664574933,5102493.241552673,144.07164093319517,0.3000097500266381,0.6909117559441844,0.5523426453129683,-0.010918486769097853,-0.01782865500118318,0.9997814389692989,1.1979312809966935,1.1703475185798864,1111,-0.7217361974389582,0.6921665673202905,0.0,12.52975160074817,FOLLOW_CENTERLINE,0.55078125,1.2432544012571527,0.06928455531560807,0.7976562500000002,0.68671875,0.62109375,0.5757812499999999,0.5570312499999999,0.55078125,0.5703125,0.60234375,0.6703125000000001,0.7632812500000001,0.9554687500000003,1.2656250000000004,2.017187500000001,5.0,5.0,3.0429687499999973,1.754687500000001,1.2593750000000004,1.0039062500000002,0.8562500000000002,0.77265625,0.7242187500000001,0.6960937500000002,0.6929687500000001,0.7140625000000002,0.7578125000000001,0.8312500000000002,0.9515625000000003,1.1617187500000004,1.5273437500000009,2.37421875,5.0,5.0,2.328125,1.3898437500000007,0.9992187500000003
48,193318.5131051398,5102493.402215009,144.06942674710731,0.30000783929672237,0.6150218546618748,0.5938922694710375,-0.0039021138822907474,-0.01950716851944154,0.999802102360064,1.1398956600056278,1.0636827203954249,1111,-0.8445078450001178,0.5355411214982172,0.0,12.248491798541282,FOLLOW_CENTERLINE,0.6156250000000001,1.2089141241329122,0.010564792595418648,0.8875000000000002,0.7601562500000001,0.690625,0.64765625,0.6156250000000001,0.6171875,0.6359374999999999,0.6734375,0.7460937500000002,0.8570312500000001,1.0476562500000002,1.4062500000000004,2.25390625,5.0,5.0,2.772656249999998,1.6140625000000006,1.1554687500000005,0.9281250000000003,0.7921875000000002,0.7117187500000002,0.6648437500000002,0.6375,0.63671875,0.6515625,0.690625,0.7609375000000002,0.8789062500000002,1.0578125000000003,1.4187500000000006,2.19609375,5.0,5.0,2.609374999999999,1.5195312500000007,1.1039062500000003
49,193318.3025689279,5102493.615930463,144.07406733914755,0.30003554312200215,0.6361514398526789,0.5969107816411255,-7.485094016602598e-05,-0.01644191741384254,0.9998648197376947,0.942104688475834,0.6641905716417623,1111,-0.7017873730351716,0.7123848478916939,0.0,11.951146916605035,FOLLOW_CENTERLINE,0.6046874999999999,1.2330622214938045,0.019620329105776657,0.8710937500000002,0.7507812500000002,0.6875,0.6375,0.6046874999999999,0.6078125,0.6195312500000001,0.6625000000000001,0.7367187500000001,0.8546875000000002,1.0367187500000004,1.3867187500000007,2.2421875,5.0,5.0,2.764843749999998,1.632031250000001,1.1718750000000002,0.9367187500000003,0.8000000000000002,0.7210937500000001,0.66796875,0.6484375,0.6484375,0.66015625,0.7015625000000001,0.7718750000000001,0.8906250000000002,1.0781250000000002,1.4320312500000008,2.22578125,5.0,5.0,2.484374999999999,1.5093750000000006,1.0945312500000004
50,193318.13897331347,5102493.867398704,144.07914161381018,0.300042579751668,0.6859568906596843,0.5184294652180451,-0.004064431572245336,-0.019167075623040604,0.9998080333784357,1.1226837558669673,0.7940923990598651,1111,-0.5453187147810611,0.8382274674457567,0.0,11.65180891911485,FOLLOW_CENTERLINE,0.5374999999999999,1.2043863558777295,0.08376371272081962,0.7757812500000001,0.6640625000000001,0.596875,0.5546874999999999,0.53984375,0.5374999999999999,0.55078125,0.590625,0.6484375,0.75703125,0.9054687500000003,1.2437500000000004,2.012500000000001,4.98359374999999,5.0,3.0171874999999972,1.8101562500000008,1.3070312500000003,1.0421875000000003,0.8921875000000002,0.7984375000000001,0.7445312500000001,0.7187500000000001,0.7125000000000001,0.7296875,0.7750000000000001,0.8570312500000001,0.9851562500000002,1.2023437500000005,1.5906250000000008,2.476562499999999,5.0,5.0,2.2765625,1.3296875000000008,0.9632812500000003
51,193317.9230681671,5102494.07568879,144.08330001600828,0.3000284722061551,0.7063318478079587,0.5327673980260884,-0.0030303255821861187,-0.025172952461298397,0.999678518120324,1.4528725391645276,1.1586295653661836,1111,-0.7196838212385271,0.694300289129266,0.0,11.355676139587805,FOLLOW_CENTERLINE,0.5421874999999999,1.239099245834047,0.08678222489093512,0.77265625,0.6671875,0.5960937500000001,0.5531249999999999,0.5421874999999999,0.54375,0.5499999999999999,0.59375,0.6468750000000001,0.7453125000000002,0.9156250000000004,1.2390625000000006,1.966406250000001,4.93984374999999,5.0,3.0320312499999975,1.8296875000000012,1.3242187500000007,1.0445312500000001,0.8953125000000003,0.8046875000000001,0.7500000000000001,0.7203125000000001,0.7140625000000002,0.7320312500000001,0.7765625000000002,0.8515625000000002,0.9773437500000004,1.1976562500000003,1.5992187500000008,2.4820312499999995,5.0,5.0,2.253125,1.3242187500000007,0.9632812500000003
52,193317.67012831205,5102494.236999766,144.08448575435088,0.300002012227724,0.6406792081078911,0.576535824492849,-0.0026884041466503036,-0.019163472027297932,0.9998127493801043,1.1088072051136058,1.008624913269811,1111,-0.8431328501839201,0.5377032535508662,0.0,11.075705057856707,FOLLOW_CENTERLINE,0.60546875,1.2172150326007403,0.03207169180752106,0.8570312500000001,0.734375,0.675,0.61796875,0.60625,0.60546875,0.61015625,0.6468750000000001,0.7203125000000001,0.8367187500000002,1.0226562500000003,1.3601562500000004,2.1625000000000005,5.0,5.0,2.7945312499999977,1.7046875000000008,1.2140625000000003,0.9664062500000004,0.8265625000000002,0.7390625000000001,0.6921875000000001,0.6656250000000001,0.6585937500000001,0.67890625,0.7171875000000001,0.7898437500000002,0.8968750000000003,1.1000000000000003,1.4664062500000006,2.2710937499999995,5.0,5.0,2.484374999999999,1.4773437500000006,1.0781250000000002
53,193317.4600857946,5102494.451200451,144.0906254931757,0.30006247499792554,0.6655819335113441,0.5824726911098936,0.0006982208490578219,-0.0222554646455859,0.9997520726565438,1.275877024561891,0.864250691111354,1111,-0.7001417247234991,0.7140022794036441,0.0,10.77892601727896,FOLLOW_CENTERLINE,0.5828125,1.2480546246212376,0.04155462120072523,0.8523437500000002,0.73359375,0.653125,0.60234375,0.5828125,0.58984375,0.60625,0.65,0.7164062500000001,0.8210937500000002,0.9882812500000002,1.3398437500000007,2.12578125,5.0,5.0,2.8492187499999977,1.7125000000000008,1.2351562500000004,0.9867187500000003,0.8492187500000001,0.7562500000000001,0.703125,0.6796875,0.6703125000000001,0.690625,0.7312500000000001,0.80390625,0.9132812500000003,1.1164062500000003,1.4835937500000007,2.33515625,5.0,5.0,2.4695312499999993,1.4593750000000005,1.0460937500000003
54,193317.29699350215,5102494.702995417,144.0956917282441,0.3000424427676327,0.7184058964884706,0.4988091361122678,-0.001786336565040249,-0.02659043238142117,0.9996448158758415,1.5271343941548388,0.9141901109264382,1111,-0.5436409747580216,0.8393165549043018,0.0,10.479339324867489,FOLLOW_CENTERLINE,0.5218749999999999,1.2172150326007385,0.10979838018810142,0.7554687500000001,0.6421875,0.578125,0.5421874999999999,0.5257812499999999,0.5218749999999999,0.5312499999999999,0.5718749999999999,0.6359374999999999,0.71015625,0.8835937500000002,1.1796875000000004,1.866406250000001,4.875781249999991,5.0,3.153906249999997,1.8789062500000009,1.3687500000000004,1.0882812500000003,0.9281250000000003,0.8367187500000002,0.784375,0.7523437500000001,0.7421875000000001,0.7601562500000001,0.8070312500000001,0.8796875000000002,1.0117187500000002,1.2281250000000006,1.639843750000001,2.5648437499999988,5.0,5.0,2.1632812500000007,1.2718750000000003,0.9375000000000002
55,193317.08146324384,5102494.9116734,144.09907104691132,0.30001868707606216,0.7410447377643322,0.5184294652180205,-0.0011857223405392424,-0.025634560660336685,0.999670677454472,1.4704839253963664,1.1025262376073937,1111,-0.7184341943586834,0.6955932730102447,0.0,10.183964420040821,FOLLOW_CENTERLINE,0.5226562499999998,1.2594742029823527,0.11130763627315587,0.74140625,0.6453125000000001,0.5828125,0.5359374999999998,0.52421875,0.5226562499999998,0.5367187499999999,0.5625,0.6195312500000001,0.7242187500000001,0.8742187500000003,1.1609375000000002,1.8437500000000009,4.7671874999999915,5.0,3.1749999999999967,1.894531250000001,1.3789062500000004,1.0976562500000002,0.9312500000000002,0.8304687500000001,0.7859375000000001,0.75390625,0.7500000000000001,0.7671875000000001,0.8117187500000003,0.8843750000000001,1.0195312500000002,1.2375000000000005,1.6484375000000009,2.582031249999999,5.0,5.0,2.1734375000000004,1.3070312500000003,0.9117187500000004
56,193316.82877482634,5102495.07337796,144.10438274274279,0.30004668872872364,0.6618087932987283,0.5546516112594816,-0.0008204717017941009,-0.020148215342580683,0.9997966674502848,1.1554427786686319,0.9977408154519563,1111,-0.8422947249710553,0.5390152015740914,0.0,9.905805204570514,FOLLOW_CENTERLINE,0.57421875,1.21646040455821,0.05357859101962337,0.8343750000000001,0.7210937500000001,0.6453125000000001,0.6031249999999999,0.5765625,0.57421875,0.609375,0.6296875,0.68125,0.7953125000000002,0.9687500000000003,1.2898437500000006,2.0578125000000007,5.0,5.0,2.9460937499999975,1.7507812500000008,1.2742187500000004,1.0203125000000002,0.8710937500000002,0.7789062500000001,0.7242187500000001,0.6890625,0.69140625,0.71015625,0.7554687500000001,0.8281250000000002,0.9476562500000003,1.1453125000000002,1.5179687500000008,2.3734374999999996,5.0,5.0,2.4609374999999996,1.4421875000000006,1.0304687500000005
57,193316.6190327,5102495.287872791,144.10832340394543,0.30002553369679635,0.6980309393401286,0.5538137954036889,0.0028912028685902673,-0.016669559570727303,0.9998568731221937,0.9694008788539923,0.5493146649640823,1111,-0.6991404210493012,0.7149827704892802,0.0,9.60986903881334,FOLLOW_CENTERLINE,0.56640625,1.2518447347438175,0.07210857196821985,0.8328125000000002,0.6937500000000001,0.6343749999999999,0.59765625,0.56640625,0.56640625,0.5757812499999999,0.61640625,0.6765625000000001,0.7835937500000001,0.9484375000000003,1.2437500000000004,1.9703125000000008,5.0,5.0,3.014843749999997,1.7750000000000008,1.2953125000000005,1.0414062500000003,0.8937500000000003,0.7937500000000002,0.7390625000000001,0.7164062500000001,0.7015625000000001,0.72265625,0.7617187500000002,0.8398437500000002,0.9718750000000003,1.1648437500000004,1.5359375000000006,2.3921874999999995,5.0,5.0,2.39765625,1.3960937500000006,1.0273437500000004
58,193316.37025306106,5102495.455528664,144.1090978856738,0.3000006672631203,0.6421884641929474,0.598420037726213,0.0018537102594868029,-0.01983190628155191,0.9998016099464501,1.1413129835090803,0.8829608236659786,1111,-0.8292654632068459,0.5588529073229752,0.0,9.330900010471614,FOLLOW_CENTERLINE,0.609375,1.2406085019191604,0.0218842132333672,0.8906250000000002,0.7773437500000002,0.6875,0.63671875,0.61796875,0.609375,0.6273437500000001,0.6742187500000001,0.7320312500000001,0.8460937500000003,1.0156250000000002,1.3625000000000005,2.1820312500000005,5.0,5.0,2.7929687499999982,1.6632812500000007,1.2039062500000004,0.9656250000000004,0.8265625000000002,0.7460937500000002,0.6890625,0.66796875,0.66015625,0.68046875,0.71796875,0.784375,0.8937500000000003,1.0945312500000004,1.4421875000000006,2.2390624999999997,5.0,5.0,2.582812499999999,1.5195312500000007,1.1117187500000003
59,193316.16513035866,5102495.674445246,144.1165533273977,0.3000922799797329,0.6708643298090572,0.5787997086204126,-0.0002907753261549196,-0.018694430961896734,0.9998252015731152,1.0713039754814864,0.7445428896996494,1111,-0.6837423412323095,0.7297219419382416,0.0,9.034751220235526,FOLLOW_CENTERLINE,0.60078125,1.24966403842947,0.04603231059432228,0.8750000000000002,0.7437500000000001,0.6695312500000001,0.6265625,0.60078125,0.60234375,0.6070312499999999,0.6453125000000001,0.7148437500000002,0.8203125000000002,0.9882812500000002,1.3242187500000007,2.0812500000000007,5.0,5.0,2.921093749999997,1.717187500000001,1.2343750000000004,0.9937500000000002,0.8406250000000002,0.7609375000000002,0.70625,0.6851562499999999,0.684375,0.69453125,0.73828125,0.8117187500000003,0.9164062500000003,1.1101562500000002,1.4953125000000007,2.28125,5.0,5.0,2.5703124999999987,1.4820312500000006,1.0828125000000002
60,193316.00701859442,5102495.929397147,144.12137868595667,0.30003847386193744,0.7267068049563027,0.5010730202398597,-0.005147036545608903,-0.011582361960327227,0.9999196752270745,0.7262151263196038,0.6003856600429907,1111,-0.5270392142450695,0.849839669691857,0.0,8.73495124339842,FOLLOW_CENTERLINE,0.51953125,1.2277798251961625,0.11281689235822151,0.7476562500000001,0.6578125,0.5859374999999999,0.5343749999999998,0.51953125,0.5218749999999999,0.5406249999999999,0.5515625,0.6171875,0.7015625000000001,0.8789062500000002,1.1421875000000004,1.794531250000001,5.0,5.0,3.2257812499999963,1.9171875000000012,1.3875000000000006,1.1039062500000003,0.9484375000000003,0.8445312500000002,0.7867187500000001,0.7601562500000001,0.7578125000000001,0.7750000000000001,0.8250000000000002,0.9031250000000002,1.0351562500000002,1.2398437500000006,1.6570312500000008,2.562499999999999,5.0,5.0,2.1828125000000003,1.3078125000000003,0.9453125000000003
61,193315.79521676982,5102496.141858388,144.1245248182295,0.3000161492379287,0.7576465546999855,0.4988196982377264,-0.009921836378615196,-0.020477434204992973,0.999741082406468,1.3038504528357218,1.2310302842024239,1111,-0.7060060819967187,0.7082041342562685,0.0,8.440702074103816,FOLLOW_CENTERLINE,0.5023437499999999,1.256466252937712,0.12941342823112956,0.7421875000000001,0.6296875,0.57421875,0.5328124999999999,0.5023437499999999,0.51171875,0.5187499999999999,0.55859375,0.60078125,0.7007812500000001,0.8531250000000001,1.1421875000000004,1.788281250000001,5.0,5.0,3.1890624999999964,1.920312500000001,1.4015625000000007,1.1179687500000004,0.9570312500000002,0.8546875000000002,0.7968750000000002,0.7710937500000001,0.7687500000000002,0.78515625,0.8328125000000002,0.9140625000000003,1.0500000000000003,1.2750000000000004,1.6531250000000008,2.579687499999999,5.0,5.0,2.22578125,1.2921875000000007,0.9304687500000002
62,193315.54504048583,5102496.307422959,144.12538219868824,0.3000008925219427,0.694257799127512,0.5440868186640608,-0.005842920816214686,-0.01189713055331274,0.9999121554221313,0.7594484316869026,0.7532244876159395,1111,-0.8339209466260687,0.5518819068378362,0.0,8.165431812713292,FOLLOW_CENTERLINE,0.5539062499999998,1.2383446177915727,0.07508549023172556,0.8171875000000002,0.6984375,0.625,0.5804687499999999,0.56875,0.5539062499999998,0.5718749999999999,0.6078125,0.6687500000000001,0.7703125000000002,0.9390625000000002,1.2429687500000004,1.965625000000001,5.0,5.0,3.035937499999997,1.7984375000000008,1.3078125000000003,1.0492187500000003,0.8953125000000003,0.8023437500000001,0.7437500000000001,0.7156250000000002,0.71796875,0.7359375,0.7765625000000002,0.8507812500000003,0.9734375000000003,1.1945312500000005,1.5765625000000005,2.421874999999999,5.0,5.0,2.421093749999999,1.4070312500000004,1.0304687500000005
63,193315.27007634295,5102496.427400156,144.126956689359,0.30000381099984547,0.5938922694710561,0.6406792081079118,-0.0013569313365254655,-0.013825677671286217,0.9999035000310167,0.7959846809259926,0.7571602529837219,1111,-0.9165471429956882,0.3999239813844902,0.0,7.917790376031952,FOLLOW_CENTERLINE,0.61640625,1.2345714775789678,-0.02339346931842784,0.9640625000000004,0.8242187500000002,0.74140625,0.7007812500000001,0.66328125,0.6671875,0.6773437500000001,0.7164062500000001,0.7976562500000002,0.9164062500000003,1.1132812500000002,1.4789062500000005,2.3070312499999996,5.0,5.0,2.5281249999999993,1.5484375000000008,1.1273437500000005,0.8992187500000002,0.7671875000000001,0.68671875,0.6453125000000001,0.6203125,0.61640625,0.628125,0.66796875,0.73828125,0.8359375000000001,1.0171875000000004,1.3664062500000005,2.0460937500000007,4.875781249999991,5.0,2.8476562499999982,1.6742187500000008,1.1898437500000005
64,193315.03167855064,5102496.609516265,144.1313406450988,0.30003167096180633,0.5689895440674979,0.6678458176389068,-0.005404739035086064,-0.015782607845987486,0.9998608393599294,0.9558744990010009,0.9066153756299186,1111,-0.7946593074588529,0.6070536998649888,0.0,7.638815076292765,FOLLOW_CENTERLINE,0.5851562499999998,1.2368353617064047,-0.04942813678570446,1.00625,0.8718750000000002,0.7718750000000001,0.721875,0.690625,0.6890625,0.71015625,0.7523437500000001,0.8242187500000002,0.9445312500000003,1.1476562500000003,1.5375000000000008,2.3960937499999995,5.0,5.0,2.4562499999999994,1.4867187500000008,1.0593750000000002,0.8523437500000002,0.7289062500000001,0.65703125,0.6109375,0.58984375,0.5851562499999998,0.596875,0.6359374999999999,0.6953125000000001,0.8023437500000001,0.9726562500000002,1.2882812500000005,1.9968750000000008,4.662499999999992,5.0,3.014843749999997,1.7382812500000009,1.2734375000000004
65,193314.83841873286,5102496.838973098,144.13513498081093,0.30002365343638104,0.6082302022790861,0.6384153239802816,0.0017368043005633869,-0.013170660481158343,0.9999117547130404,0.7611786244392252,0.41001932274885483,1111,-0.6441993927103241,0.7648561115792063,0.0,7.343080781813611,FOLLOW_CENTERLINE,0.61796875,1.2466455262593676,-0.015092560850597736,0.9562500000000003,0.8195312500000003,0.7296875,0.690625,0.6578125,0.66328125,0.671875,0.7242187500000001,0.7703125000000002,0.8960937500000004,1.0906250000000004,1.4648437500000007,2.2953124999999996,5.0,4.837499999999991,2.5703124999999987,1.5328125000000008,1.1218750000000004,0.8992187500000002,0.7664062500000002,0.68671875,0.6468750000000001,0.61796875,0.621875,0.6359374999999999,0.67265625,0.7406250000000001,0.8398437500000002,1.0328125000000004,1.3679687500000004,2.0929687500000007,4.89453124999999,5.0,2.913281249999998,1.6632812500000007,1.1820312500000003
66,193314.69207364737,5102497.100856506,144.13835127681466,0.3000169126988814,0.6821837504470447,0.5425775625790101,-0.005311758563957638,-0.003630005894328256,0.999979303924919,0.3686229538440814,0.36713380614791535,1111,-0.48781695178893997,0.8729446939554517,0.0,7.043154462460141,FOLLOW_CENTERLINE,0.56875,1.2247613130260548,0.06980309393401729,0.8226562500000001,0.70625,0.63359375,0.5843749999999999,0.5734374999999999,0.56875,0.5703125,0.6234375,0.68828125,0.7789062500000001,0.9609375000000003,1.2539062500000004,1.9796875000000012,5.0,4.770312499999992,2.864062499999998,1.721875000000001,1.2648437500000005,1.0273437500000004,0.8765625000000002,0.7921875000000002,0.7398437500000001,0.7117187500000002,0.70703125,0.7273437500000002,0.7742187500000002,0.8500000000000002,0.9726562500000002,1.1695312500000001,1.5492187500000008,2.4234374999999995,5.0,5.0,2.488281249999999,1.4312500000000008,1.0296875000000005
67,193314.58967428995,5102497.382839096,144.1429519481346,0.3000349569051926,0.8248084504852243,0.4173093075190567,0.00046438947465336864,-0.012906176274211128,0.999916604000751,0.7399685415553965,0.22739501908274476,1111,-0.34133119122559924,0.9399419646111018,0.0,6.748279680407949,FOLLOW_CENTERLINE,0.4281249999999999,1.242117758004281,0.2037495714830838,0.62421875,0.5328124999999999,0.4898437499999999,0.43359374999999994,0.42890624999999993,0.4281249999999999,0.44687499999999997,0.46328125,0.5203125,0.58203125,0.7093750000000001,0.9523437500000003,1.4820312500000006,5.0,4.724218749999991,3.1828124999999967,2.03984375,1.5140625000000005,1.2070312500000002,1.0437500000000002,0.9414062500000002,0.8750000000000002,0.8453125000000002,0.8429687500000003,0.8664062500000003,0.9171875000000003,1.0078125,1.1570312500000004,1.3984375000000004,1.846093750000001,2.877343749999998,5.0,5.0,1.836718750000001,1.0859375000000004,0.7968750000000002
68,193314.4219307554,5102497.631559598,144.1439137016474,0.30000117784248614,0.8723500171644777,0.35241129586142816,-0.006498607110526163,-0.008450182459286656,0.9999431796467376,0.6107896249586097,0.5794230528371712,1111,-0.5591451152982889,0.8290683411309188,0.0,6.4487923751286464,FOLLOW_CENTERLINE,0.36171875,1.2247613130259059,0.25996936065152476,0.5210937499999999,0.44999999999999996,0.41562499999999997,0.375,0.36406249999999996,0.36171875,0.37031250000000004,0.40156249999999993,0.4296874999999999,0.5046875,0.6046874999999999,0.8093750000000002,1.2445312500000003,5.0,4.547656249999992,3.3054687499999966,2.1875,1.623437500000001,1.3117187500000005,1.1117187500000003,0.9992187500000003,0.9421875000000003,0.9085937500000003,0.9078125000000002,0.9320312500000003,0.9820312500000004,1.0843750000000003,1.2507812500000004,1.5125000000000006,2.000000000000001,3.099218749999997,5.0,5.0,1.5859375000000009,0.9226562500000002,0.6742187500000001
69,193314.2029493881,5102497.836613137,144.14200998699667,0.30000569530945437,0.8927249743128401,0.3554680390628024,0.00822660281248354,-0.015551057974512257,0.9998452318244254,1.0080546172801599,0.3282107205084291,1111,-0.7299378909565198,0.6835117974488499,0.0,6.1613726993914675,FOLLOW_CENTERLINE,0.35859375,1.2481930133756425,0.2686284676250189,0.5234374999999999,0.44765625,0.4046875,0.3890625,0.35859375,0.36328125,0.38203125,0.40156249999999993,0.43828124999999996,0.5093749999999999,0.61640625,0.80390625,1.2625000000000004,5.0,4.297656249999993,3.1984374999999967,2.15234375,1.5890625000000007,1.3070312500000003,1.1195312500000003,0.9976562500000001,0.9359375000000002,0.9031250000000002,0.9078125000000002,0.9296875000000002,0.9843750000000002,1.0843750000000003,1.2445312500000003,1.5218750000000008,2.0023437500000005,3.117187499999997,5.0,5.0,1.5695312500000005,0.9398437500000003,0.6671875
70,193313.9479543541,5102497.994655329,144.14738579158328,0.30004783108179595,0.8074520055070031,0.4059898868810912,-0.004815824824838932,-0.01094879215685113,0.9999284633320338,0.6853376217150868,0.6785871873347711,1111,-0.8499834468419631,0.5268073060893225,0.0,5.899196430305131,FOLLOW_CENTERLINE,0.41796874999999994,1.2134418923880943,0.20073105931295596,0.6296875,0.5187499999999999,0.48203124999999997,0.44375,0.4281249999999999,0.41796874999999994,0.43515624999999997,0.46796875,0.5093749999999999,0.5804687499999999,0.7125000000000001,0.9632812500000003,2.078906250000001,5.0,3.934374999999994,2.8867187499999973,1.9328125000000012,1.4765625000000004,1.1984375000000003,1.0367187500000004,0.9257812500000002,0.8679687500000002,0.8382812500000001,0.8343750000000001,0.8562500000000002,0.9234375000000002,1.0031250000000003,1.1601562500000002,1.4070312500000004,1.882031250000001,2.882031249999998,5.0,5.0,1.8601562500000008,1.0585937500000002,0.7671875000000001
71,193313.67006462952,5102498.107691203,144.145337750434,0.3000066706172669,0.7116142441057287,0.5123924408778257,-0.021033881343659515,-0.010821303247545688,0.999720198471375,1.3554165947460344,1.0284594942021672,1111,-0.9262990818251122,0.3767862477555017,0.0,5.670634046521795,FOLLOW_CENTERLINE,0.5367187499999999,1.2240066849835545,0.09961090161395153,0.7679687500000001,0.6617187500000001,0.5882812499999999,0.5640625,0.5367187499999999,0.5421874999999999,0.54296875,0.5812499999999999,0.6296875,0.7437500000000001,0.9023437500000002,1.3101562500000004,5.0,4.690624999999991,3.4773437499999957,2.5132812499999995,1.6453125000000006,1.2679687500000003,1.0265625000000003,0.8960937500000004,0.8140625000000002,0.7445312500000001,0.734375,0.7296875,0.7468750000000002,0.7914062500000001,0.8687500000000002,1.0132812500000001,1.2203125000000004,1.6414062500000008,2.5390624999999987,5.0,5.0,2.34765625,1.3539062500000005,0.9695312500000004
72,193313.42747468085,5102498.284184546,144.1429252255451,0.3000093391599693,0.6701097017664919,0.5538969832168974,-0.01883388807803684,-0.004732986942381817,0.9998114239667735,1.1127246352238682,0.8541648326660161,1111,-0.8086331621835916,0.5883111461165185,0.0,5.4061495752624324,FOLLOW_CENTERLINE,0.5640625,1.2240066849833893,0.05810635927479724,0.8250000000000002,0.70625,0.640625,0.5914062499999999,0.5765625,0.5640625,0.58984375,0.625,0.6890625,0.7898437500000002,1.0625000000000002,3.4382812499999957,5.0,4.3343749999999925,3.1671874999999967,2.2992187499999996,1.5062500000000005,1.1789062500000003,0.9671875000000003,0.8343750000000001,0.7617187500000002,0.7171875000000001,0.69453125,0.67265625,0.6976562500000001,0.7546875000000001,0.8265625000000002,0.9398437500000003,1.1773437500000004,1.5578125000000007,2.4382812499999993,5.0,5.0,2.464843749999999,1.4726562500000004,1.0273437500000004
73,193313.22948999525,5102498.509577224,144.14316893113585,0.29999975723151184,0.6965216832550789,0.5357859101962144,-0.028132575067873714,-0.008405893682828352,0.9995688566434248,1.682534911542373,1.5290457643721442,1111,-0.6599489520493896,0.7513089238877579,0.0,5.11882091865337,FOLLOW_CENTERLINE,0.5406249999999999,1.2323075934512933,0.08036788652943228,0.7953125000000002,0.671875,0.5984375,0.56953125,0.5492187499999999,0.5406249999999999,0.56328125,0.59375,0.6664062500000001,0.8250000000000002,1.3312500000000007,5.0,5.0,4.021093749999993,2.9492187499999973,2.2289062500000005,1.5710937500000006,1.1640625000000004,0.9953125000000003,0.8554687500000002,0.7796875000000001,0.72578125,0.70625,0.71015625,0.73359375,0.7765625000000002,0.8460937500000003,0.9945312500000003,1.1921875000000006,1.6039062500000008,2.5406249999999986,5.0,5.0,2.3718749999999993,1.3937500000000007,0.9914062500000003
74,193313.07849717836,5102498.768808727,144.1418541743328,0.3000025525730649,0.7493456462322045,0.44523054509264914,-0.031985682108519035,-0.017055722912966514,0.9993427932676398,2.077363133566667,2.075895987689155,1115,-0.5033093896848064,0.864105009727552,0.0,4.8206268345136944,FOLLOW_CENTERLINE,0.46249999999999997,1.1945761913248536,0.15205755056977766,0.65703125,0.57421875,0.515625,0.4828125,0.46249999999999997,0.47578125,0.5132812499999999,0.5578124999999999,0.625,0.7765625000000002,1.0546875000000004,5.0,5.0,3.794531249999994,2.8132812499999984,2.22578125,1.6773437500000008,1.2812500000000004,1.0460937500000003,0.9320312500000003,0.8593750000000002,0.8070312500000001,0.7820312500000002,0.7796875000000001,0.8046875000000001,0.8632812500000002,0.9617187500000004,1.0875000000000004,1.3406250000000006,1.8140625000000008,2.8398437499999973,5.0,5.0,2.003906250000001,1.1554687500000005,0.8281250000000002
75,193312.88135875526,5102498.994941975,144.13478446569601,0.30008296256220607,0.7908501885713537,0.48642666225669795,-0.059216516287624164,-0.004567279219624989,0.9982347139622462,3.4049370087055406,2.730453316171921,1115,-0.6571280771133903,0.7537774933402855,0.0,4.535103795177053,FOLLOW_CENTERLINE,0.4859374999999999,1.2772768508280516,0.15221176315732787,0.6343749999999999,0.54296875,0.4984375,0.4859374999999999,0.4921874999999999,0.49765624999999997,0.5328124999999999,0.5851562499999998,0.9343750000000002,2.5679687499999986,2.3453124999999995,5.0,4.89140624999999,3.479687499999996,2.5882812499999988,2.048437500000001,1.6515625000000007,1.3390625000000007,1.0984375000000002,0.9414062500000002,0.8554687500000002,0.8250000000000002,0.8070312500000001,0.8078125000000002,0.8320312500000002,0.8835937500000002,0.9898437500000004,1.1296875000000006,1.3992187500000006,1.8609375000000008,2.9335937499999973,5.0,5.0,1.838281250000001,1.0976562500000002,0.8000000000000002
76,193312.66286290952,5102499.200512843,144.12661076490576,0.30011102253661226,0.7629289509977998,0.5199387213031491,-0.07700317838509538,-0.02786400710537962,0.9966414137625552,4.697183303288219,4.18972050237722,1115,-0.728319485670743,0.6852362261705195,0.0,4.263055324117751,FOLLOW_CENTERLINE,0.5390624999999999,1.282867672300949,0.12149511484732534,0.684375,0.6117187500000001,0.5578124999999999,0.5390624999999999,0.54609375,0.63203125,0.7945312500000001,2.265625,2.524999999999999,2.1554687500000007,2.3453124999999995,5.0,4.4124999999999925,3.1398437499999963,2.29765625,1.874218750000001,1.5046875000000006,1.2773437500000004,1.0929687500000005,0.9492187500000002,0.8593750000000002,0.7960937500000003,0.7781250000000002,0.7906250000000001,0.8273437500000003,0.8835937500000002,0.9835937500000003,1.1234375000000005,1.3656250000000005,1.852343750000001,2.936718749999997,5.0,5.0,1.894531250000001,1.1031250000000004,0.7914062500000001
77,193312.44204662787,5102499.403589158,144.11382439291367,0.3002720621561716,0.7718734562507719,0.7153873843184263,-0.07608616353467683,-0.039352964386958234,0.9963243648092387,4.9140202980875305,4.615595836802198,1115,-0.7360542721061974,0.6769210500489508,0.0,3.9966105463841903,FOLLOW_CENTERLINE,0.68125,1.4872608405691983,0.02824303596617278,0.7484375000000001,0.68125,0.6929687500000001,0.7171875000000001,0.7976562500000002,0.9640625000000004,2.14453125,2.28828125,2.215625,1.9406250000000012,5.0,5.0,4.026562499999994,2.7976562499999984,2.0500000000000007,1.6132812500000007,1.3390625000000007,1.1593750000000003,1.0273437500000004,0.9328125000000003,0.8671875000000002,0.8062500000000001,0.7835937500000001,0.7757812500000001,0.8054687500000002,0.8656250000000003,0.9781250000000004,1.1179687500000004,1.2109375000000004,1.7812500000000009,2.866406249999998,5.0,5.0,1.9320312500000012,1.1390625000000005,0.8812500000000002
78,193312.2412359691,5102499.626467816,144.1057526365086,0.3001082634658686,0.7825492801035809,0.8753685293347675,-0.06787822999547309,-0.04492696204289273,0.9966815509350406,4.669016192088955,4.617387107248781,1115,-0.6693688628183495,0.74292885837401,0.0,3.7222368892272675,FOLLOW_CENTERLINE,0.8062500000000001,1.6579178094383484,-0.04640962461559328,0.8671875000000002,0.8429687500000003,0.8687500000000002,0.9390625000000002,1.1562500000000004,2.0765625000000005,2.1203125000000003,2.2281250000000004,1.690625000000001,1.905468750000001,5.0,4.98671874999999,3.5624999999999956,2.4226562499999993,1.7828125000000008,1.4195312500000006,1.2203125000000004,1.0640625000000004,0.9406250000000003,0.8617187500000003,0.8312500000000002,0.8218750000000001,0.8109375000000002,0.8062500000000001,0.8375000000000001,0.8773437500000003,0.9835937500000003,1.1515625000000003,1.3781250000000005,1.8085937500000009,2.9499999999999975,5.0,5.0,1.9554687500000012,1.2023437500000005,0.9406250000000003
79,193312.06584642132,5102499.869857055,144.10067839783227,0.30004260245479414,0.7651928351253862,1.0587431436695434,-0.07254883381746126,-0.032748795266105364,0.9968270577790036,4.565450217961155,4.473883451903024,1115,-0.5846318257996551,0.8112974656264538,0.0,3.4391235122554304,FOLLOW_CENTERLINE,0.7757812500000001,1.8239359787949296,-0.1467751542720786,1.0109375000000003,1.0109375000000003,1.0898437500000004,1.3234375000000007,2.025000000000001,2.0179687500000005,2.1070312500000004,1.5734375000000007,1.6085937500000007,3.0507812499999973,5.0,4.519531249999992,3.158593749999997,2.1609375000000006,1.5992187500000008,1.2976562500000004,1.0929687500000005,0.9835937500000003,0.8804687500000001,0.8226562500000001,0.8062500000000001,0.7757812500000001,0.7953125000000002,0.8406250000000002,0.8906250000000002,0.9492187500000002,1.0382812500000003,1.2101562500000003,1.4835937500000007,1.7453125000000007,3.106249999999997,5.0,5.0,1.6648437500000008,1.1804687500000004,1.0468750000000002
80,193311.9126572518,5102500.127796768,144.0978781044031,0.3000127645259417,0.7244429208287746,1.3183351902998641,-0.06427997335779952,-0.017284758638006194,0.9977822017574509,3.8166202057611325,3.674833862575512,1115,-0.510630565114142,0.8597990424216867,0.0,3.150387988873056,FOLLOW_CENTERLINE,0.7632812500000001,2.042778111128639,-0.29694613473554476,1.1468750000000003,1.2257812500000005,1.4015625000000007,1.836718750000001,1.920312500000001,1.9703125000000008,1.4046875000000005,1.3734375000000005,1.5351562500000007,3.1093749999999973,5.0,4.071093749999994,2.8406249999999975,1.964843750000001,1.4320312500000008,1.1992187500000004,0.9796875000000003,0.9117187500000004,0.8242187500000002,0.7632812500000001,0.7710937500000001,0.7718750000000001,0.7921875000000002,0.8312500000000002,0.9015625000000003,1.0250000000000004,1.1390625000000005,1.3054687500000004,1.6437500000000007,2.0187500000000007,3.1367187499999964,5.0,4.889062499999991,1.5820312500000007,1.2562500000000005,1.1796875000000004
81,193311.77829115945,5102500.396023485,144.09246921205192,0.3000484534647467,0.7055772197655291,1.5085014570174262,-0.0488096697096198,-0.014839646710030694,0.9986978527204109,2.9242521760666724,2.8824299904918833,1115,-0.44788697434642294,0.8940890544104996,0.0,2.8580944811580804,FOLLOW_CENTERLINE,0.7234375000000001,2.2140786767829552,-0.40146211862594855,1.3523437500000006,1.5242187500000008,1.8437500000000009,1.909375000000001,1.821875000000001,1.2531250000000005,1.2007812500000004,1.2515625000000004,2.3343749999999996,5.0,5.0,3.7031249999999947,2.542968749999999,1.7226562500000009,1.3117187500000005,1.0609375,0.9046875000000002,0.8390625000000002,0.7695312500000002,0.7273437500000002,0.7234375000000001,0.7289062500000001,0.7460937500000002,0.8445312500000002,0.9281250000000003,1.0500000000000003,1.2429687500000004,1.4570312500000007,1.7726562500000007,2.1820312500000005,3.4406249999999954,5.0,3.4460937499999957,1.5359375000000006,1.3984375000000004,1.3046875000000004
82,193311.66892912728,5102500.6753794635,144.09219842536487,0.2999998169718263,0.6867115187022751,1.10477545426388,-0.045146117316777416,-0.0148696072817537,0.9988697226718337,2.724401137792356,2.7202811426296547,1115,-0.36454010737264125,0.931186595339749,0.0,2.5617213293469456,FOLLOW_CENTERLINE,0.72265625,1.7914869729661551,-0.2090319677808024,1.6117187500000008,1.879687500000001,1.890625000000001,1.7781250000000008,1.0835937500000004,1.0476562500000002,1.0953125000000004,1.9281250000000012,2.28203125,5.0,4.842187499999991,3.3945312499999956,2.3687499999999995,1.6632812500000007,1.2468750000000004,1.01015625,0.8742187500000003,0.78828125,0.7289062500000001,0.7250000000000001,0.72265625,0.7234375000000001,0.7695312500000002,0.8109375000000002,0.9242187500000003,1.0546875000000004,1.3062500000000004,1.6203125000000007,2.0054687500000012,2.476562499999999,3.9320312499999943,5.0,2.1609375000000006,1.6539062500000008,1.4828125000000005,1.4945312500000008
83,193311.58998893003,5102500.964806934,144.0939329564642,0.3000047065801815,0.7048225917229894,0.8904610901853616,-0.052210157670409735,-0.015141393758615356,0.9985213255765135,3.116215190355009,3.1158129437601265,1115,-0.26313399084339906,0.9647582362182675,0.0,2.26227995103688,FOLLOW_CENTERLINE,0.7140625000000002,1.595283681908351,-0.09281924923118606,1.857812500000001,1.9398437500000012,1.736718750000001,0.9218750000000002,0.8781250000000003,0.9054687500000003,1.5890625000000007,1.780468750000001,2.2046875000000004,5.0,4.476562499999993,3.142968749999997,2.2375,1.6382812500000008,1.2296875000000007,1.0148437500000003,0.8757812500000002,0.8109375000000002,0.7421875000000001,0.72265625,0.7140625000000002,0.7281250000000001,0.7695312500000002,0.8554687500000002,0.9835937500000003,1.1210937500000004,1.4359375000000005,1.837500000000001,2.2593750000000004,2.8374999999999977,4.429687499999991,5.0,1.960156250000001,1.6851562500000008,1.6421875000000008,1.7125000000000008
84,193311.55514517566,5102501.262776267,144.09574583330132,0.30000516176858066,0.744817877977058,0.7214244086586297,-0.059327601764447575,-0.014325532812970297,0.9981357697119684,3.499088298197135,3.473671487580223,1115,-0.11614584800798938,0.9932311110417061,0.0,1.963515204308463,FOLLOW_CENTERLINE,0.72578125,1.4662422866356877,0.01169673465921417,1.961718750000001,0.8601562500000002,0.7585937500000002,0.73359375,0.72578125,1.3171875000000006,1.4656250000000006,1.632031250000001,2.025000000000001,5.0,4.225781249999993,3.034374999999997,2.19453125,1.6437500000000007,1.2937500000000006,1.0476562500000002,0.9156250000000004,0.8445312500000002,0.7906250000000001,0.7703125000000002,0.7828125000000001,0.7921875000000002,0.8406250000000002,0.9468750000000004,1.0929687500000005,1.2632812500000004,1.5632812500000006,2.0765625000000005,2.5765624999999988,3.2273437499999966,5.0,5.0,2.004687500000001,1.817187500000001,1.8390625000000012,1.9242187500000012
85,193311.4964978701,5102501.556987604,144.09789477809852,0.30000739229919154,0.7761138783140908,0.6414049671881329,-0.0546177241047992,-0.011537513575777711,0.9984406792564597,3.2000871672617714,3.199874947859118,1115,-0.1954910182916977,0.9807044585805056,0.0,1.6635639475932642,FOLLOW_CENTERLINE,0.64921875,1.4175188455022236,0.06735445556297898,0.7171875000000001,0.64921875,0.7507812500000002,1.0617187500000003,1.1492187500000004,1.2414062500000005,1.3250000000000006,1.5390625000000009,1.922656250000001,5.0,3.8976562499999945,2.861718749999998,2.0617187500000007,1.5968750000000007,1.2976562500000004,1.0804687500000003,0.9398437500000003,0.8453125000000002,0.8046875000000001,0.7875000000000001,0.7921875000000002,0.8226562500000001,0.8812500000000002,0.9609375000000003,1.0984375000000002,1.3695312500000003,1.7593750000000008,2.2484375,2.864062499999998,3.5484374999999955,5.0,2.5054687499999995,2.0843750000000005,2.0023437500000005,2.0500000000000007,0.9242187500000003
86,193311.43915888006,5102501.85145672,144.0980020311569,0.2999997195168764,0.7906234187507907,0.7584011827426356,-0.0484827539267791,-0.013305933560446435,0.9987353877297831,2.8817885028803625,2.873560820272603,1115,-0.19112996677797486,0.9815637196442178,0.0,1.3636773931045945,FOLLOW_CENTERLINE,0.67890625,1.5490246014934264,0.01611111800407755,0.7609375000000002,0.9804687500000002,1.0312500000000004,1.0828125000000002,1.0820312500000002,1.1195312500000003,1.2398437500000006,1.4484375000000007,2.30859375,5.0,3.5828124999999953,2.6203124999999985,1.9101562500000009,1.5226562500000007,1.2257812500000005,1.0820312500000002,0.9726562500000002,0.9054687500000003,0.8054687500000002,0.7867187500000001,0.7976562500000002,0.8234375000000002,0.9000000000000002,0.9992187500000003,1.1890625000000004,1.4468750000000006,1.817968750000001,2.4632812499999996,3.159374999999997,4.172656249999994,5.0,2.553906249999999,2.2242187500000004,2.16796875,0.8085937500000002,0.67890625
87,193311.40332302844,5102502.149308377,144.10039515939658,0.3000092409277886,0.8029242372518962,0.9281924923118727,-0.052141708662168405,-0.014551564786788927,0.9985336720311666,3.103175029175003,3.067163641229662,1115,-0.11945283888415428,0.9928388578445133,0.0,1.0657046855482808,FOLLOW_CENTERLINE,0.8101562500000001,1.731116729563769,-0.06263412752998826,0.9960937500000002,0.9953125000000003,0.9867187500000003,0.9539062500000002,0.9687500000000003,1.0148437500000003,1.1382812500000004,1.2914062500000005,2.402343749999999,4.755468749999991,3.3296874999999964,2.4124999999999996,1.815625000000001,1.4585937500000006,1.2507812500000004,1.0992187500000004,0.9890625000000003,0.9257812500000002,0.8835937500000002,0.8679687500000002,0.8312500000000002,0.8601562500000002,0.9414062500000002,1.0906250000000004,1.2421875000000004,1.5460937500000007,2.0437500000000006,2.6968749999999986,3.4765624999999956,4.492968749999991,5.0,2.5843749999999988,2.3914062499999993,0.8101562500000001,0.8507812500000003,0.9437500000000003
88,193311.40469908644,5102502.449304912,144.1048276985658,0.30003243512556477,0.8836694378025839,0.7968872129116382,-0.05635334597466753,-0.02569992146981393,0.9980800641400993,3.550998588335006,3.223718059352296,1115,0.004586859887015117,0.9999884466867318,0.0,0.7792098843362837,FOLLOW_CENTERLINE,0.7992187500000001,1.6805566507142222,0.043391112445472835,0.9375000000000002,0.8796875000000002,0.7992187500000001,0.8171875000000002,0.8265625000000002,0.8953125000000003,0.9382812500000002,1.1515625000000003,5.0,4.456249999999992,3.1374999999999966,2.29765625,1.764062500000001,1.4359375000000005,1.2437500000000004,1.0984375000000002,1.0031250000000003,0.9375000000000002,0.9296875000000002,0.9218750000000002,0.9445312500000003,0.9320312500000003,1.0218750000000003,1.1468750000000003,1.3351562500000005,1.6500000000000008,2.2171875,3.003124999999997,3.8554687499999947,5.0,5.0,2.6804687499999984,1.0523437500000004,1.0296875000000005,1.0632812500000002,0.9726562500000002
89,193311.38507772158,5102502.748662257,144.10959844826903,0.30003762706660286,0.9108360473336838,0.6361514398527716,-0.06223881873292873,-0.01589179454847806,0.9979347575411723,3.682967823992388,3.620344161644585,1115,-0.0654045494204868,0.9978578179289358,0.0,0.49839270905105804,FOLLOW_CENTERLINE,0.64921875,1.5469874871864553,0.13734230374045614,0.7687500000000002,0.71015625,0.64921875,0.65,0.6734375,0.7640625000000002,0.8375000000000001,1.3140625000000004,5.0,4.128906249999993,2.929687499999998,2.113281250000001,1.737500000000001,1.3859375000000007,1.2398437500000006,1.0875000000000004,1.0312500000000004,0.9507812500000004,0.9281250000000003,0.9242187500000003,0.9445312500000003,0.9968750000000002,1.0742187500000002,1.1914062500000004,1.4273437500000008,1.7773437500000009,2.3648437499999995,3.263281249999997,4.199999999999993,5.0,3.381249999999996,1.2351562500000004,1.2109375000000004,1.1593750000000003,1.0039062500000002,0.8453125000000002
90,193311.3388947739,5102503.04508586,144.11563001109326,0.30006032274615785,0.8744836014137782,0.5493692149618205,-0.05714917006202717,-0.01806180071973423,0.9982022559160955,3.436106755416139,3.3966706117930956,1115,-0.15394315900350777,0.9880786763773896,0.0,0.24315236796839973,FOLLOW_CENTERLINE,0.565625,1.4238528163755988,0.1625571932259789,0.61328125,0.56953125,0.565625,0.575,0.60234375,0.6773437500000001,0.9421875000000003,1.3625000000000005,4.756249999999991,3.684374999999995,2.6484374999999987,1.9289062500000012,1.5578125000000007,1.2710937500000004,1.1085937500000003,1.0187500000000003,0.9382812500000002,0.9312500000000002,0.8859375000000002,0.9250000000000003,0.9390625000000002,0.9992187500000003,1.1078125,1.2453125000000003,1.4445312500000005,1.855468750000001,2.472656249999999,3.5085937499999957,4.502343749999992,5.0,1.5179687500000008,1.5312500000000009,1.3632812500000004,1.0625000000000002,0.8031250000000001,0.69140625
91,193311.2475562078,5102503.330842885,144.1148673896643,0.30000065409079507,0.7817946520610222,0.5531238937505225,-0.06012985931474154,-0.020781768845438312,0.9979742071328517,3.6476107939460394,3.6466079278105266,1115,-0.3044618869545733,0.9525234114544292,0.0,0.1856591131005758,FOLLOW_CENTERLINE,0.5570312499999999,1.3349185458115447,0.11433537915524983,0.59453125,0.5640625,0.5570312499999999,0.6140625000000001,0.7093750000000001,0.9179687500000002,1.1351562500000003,2.34765625,4.616406249999992,3.2156249999999966,2.2328125,1.6500000000000008,1.3648437500000006,1.1445312500000002,0.9625000000000004,0.8828125000000002,0.8539062500000001,0.7890625000000001,0.80390625,0.8343750000000001,0.8437500000000002,0.9445312500000003,1.0406250000000004,1.1617187500000004,1.4210937500000007,1.7664062500000008,2.4249999999999994,3.5984374999999953,4.732031249999991,5.0,1.7750000000000008,1.740625000000001,1.4132812500000005,0.9156250000000004,0.7265625000000001,0.6382812499999999
